,equity,benchmark_spy_norm
2018-05-11,10000.0,1.0
2018-05-14,10000.0,1.0004766570318493
2018-05-15,10000.0,0.9935862037279743
2018-05-16,10000.0,0.997764293730593
2018-05-17,10000.0,0.9969217904027904
2018-05-18,10000.0,0.9944290867613256
2018-05-21,10000.0,1.0019058687163003
2018-05-22,10000.0,0.9991202222441888
2018-05-23,10000.0,1.0018691638466146
2018-05-24,10000.0,0.9998165389358297
2018-05-25,10000.0,0.9974344561774865
2018-05-29,10000.0,0.985962728862773
2018-05-30,10000.0,0.9991202222441888
2018-05-31,10000.0,0.9929996219398423
2018-06-01,10000.0,1.0027488150339097
2018-06-04,10000.0,1.0075132969718863
2018-06-05,10000.0,1.0082462552489546
2018-06-06,10000.0,1.0166758449935633
2018-06-07,10000.0,1.0165660468057967
2018-06-08,10000.0,1.0195711630849253
2018-06-11,10000.0,1.0209270915985211
2018-06-12,10000.0,1.0222464418109474
2018-06-13,10000.0,1.0189847711495674
2018-06-14,10000.0,1.0215503149720808
2018-06-15,10000.0,1.0202471022454647
2018-06-18,10000.0,1.0181486595318308
2018-06-19,10000.0,1.014246109188887
2018-06-20,10000.0,1.015976617226051
2018-06-21,10000.0,1.0096079426300355
2018-06-22,10000.0,1.0114481855707083
2018-06-25,10000.0,0.9976793662562514
2018-06-26,10000.0,0.999888366568749
2018-06-27,10000.0,0.9916050900288184
2018-06-28,10000.0,0.9972747267100956
2018-06-29,10000.0,0.9987107098101612
2018-07-02,10000.0,1.0008456042564486
2018-07-03,10000.0,0.9973116214325556
2018-07-05,10000.0,1.0054474456511628
2018-07-06,10000.0,1.0139518373888206
2018-07-09,10000.0,1.023081730733329
2018-07-10,10000.0,1.0267631658785457
2018-07-11,10000.0,1.019252843266789
2018-07-12,10000.0,1.0284935473471934
2018-07-13,10000.0,1.0293035858506019
2018-07-16,10000.0,1.0283828631798138
2018-07-17,10000.0,1.0325430437373961
2018-07-18,10000.0,1.0347149594746596
2018-07-19,10000.0,1.03081259898449
2018-07-20,10000.0,1.029634815657386
2018-07-23,10000.0,1.0315492277485272
2018-07-24,10000.0,1.0367398658804061
2018-07-25,10000.0,1.0455754874248484
2018-07-26,10000.0,1.0431086670449379
2018-07-27,10000.0,1.0360404482601195
2018-07-30,10000.0,1.0306291379203198
2018-07-31,10000.0,1.0357094083061096
2018-08-01,10000.0,1.0339786471319132
2018-08-02,10000.0,1.0396115156592467
2018-08-03,10000.0,1.0440660945854114
2018-08-06,10000.0,1.0478951719047258
2018-08-07,10000.0,1.051355428567957
2018-08-08,10000.0,1.050913704446567
2018-08-09,10000.0,1.0494776580622436
2018-08-10,10000.0,1.0424464605684014
2018-08-13,10000.0,1.038544036793974
2018-08-14,10000.0,1.0451709111629508
2018-08-15,10000.0,1.0373659370455794
2018-08-16,10000.0,1.0457594547630833
2018-08-17,10000.0,1.049441143045332
2018-08-20,10000.0,1.0516867849432574
2018-08-21,10000.0,1.0541534154703938
2018-08-22,10000.0,1.0535279138635432
2018-08-23,10000.0,1.0521286989174214
2018-08-24,10000.0,1.0584606686437512
2018-08-27,10000.0,1.06681779791286
2018-08-28,10000.0,1.0673331849106533
2018-08-29,10000.0,1.073076104762786
2018-08-30,10000.0,1.0687320201512267
2018-08-31,10000.0,1.0687687250209124
2018-09-04,10000.0,1.0669277859534008
2018-09-05,10000.0,1.0640565791643668
2018-09-06,10000.0,1.0608535730102258
2018-09-07,10000.0,1.0587923414403422
2018-09-10,10000.0,1.0606329008023052
2018-09-11,10000.0,1.064129988903738
2018-09-12,10000.0,1.0643880621081834
2018-09-13,10000.0,1.0706830738277953
2018-09-14,10000.0,1.0708673575873207
2018-09-17,10000.0,1.0651978474745594
2018-09-18,10000.0,1.0709775987648937
2018-09-19,10000.0,1.072119373349151
2018-09-20,10000.0,1.0808075425722696
2018-09-21,10000.0,1.079819801872176
2018-09-24,10000.0,1.0762329766927874
2018-09-25,10000.0,1.0752339713947558
2018-09-26,10000.0,1.0720168528510634
2018-09-27,10000.0,1.0750120967859318
2018-09-28,10000.0,1.075123223943118
2018-10-01,10000.0,1.0788582608549273
2018-10-02,10000.0,1.0782295950351728
2018-10-03,10000.0,1.078821176279693
2018-10-04,10000.0,1.0703894348703096
2018-10-05,10000.0,1.0643985672950245
2018-10-08,10000.0,1.0643985672950245
2018-10-09,10000.0,1.0628455716017715
2018-10-10,10000.0,1.0291922055563831
2018-10-11,10000.0,1.0065228983329535
2018-10-12,10000.0,1.020501947952748
2018-10-15,10000.0,1.0147695332874564
2018-10-16,10000.0,1.036958386423552
2018-10-17,10000.0,1.0371433663099163
2018-10-18,10000.0,1.022165880950413
2018-10-19,10000.0,1.0216112577126106
2018-10-22,10000.0,1.0170255538037067
2018-10-23,10000.0,1.011848268650282
2018-10-24,10000.0,0.9811905262453108
2018-10-25,10000.0,0.9987936754725024
2018-10-26,10000.0,0.9812274209677707
2018-10-29,10000.0,0.9757911766302879
2018-10-30,10000.0,0.9902506170531584
2018-10-31,10000.0,1.0008278846641865
2018-11-01,10000.0,1.0114780557405214
2018-11-02,10000.0,1.0054875678707846
2018-11-05,10000.0,1.0110346229441634
2018-11-06,10000.0,1.0174321551618628
2018-11-07,10000.0,1.0392142170870282
2018-11-08,10000.0,1.037328472764797
2018-11-09,10000.0,1.0271952707927074
2018-11-12,10000.0,1.0080019780127705
2018-11-13,10000.0,1.0061157274164745
2018-11-14,10000.0,0.9992374246901508
2018-11-15,10000.0,1.009666227431726
2018-11-16,10000.0,1.012291638162382
2018-11-19,10000.0,0.9951693860123311
2018-11-20,10000.0,0.9767527809317949
2018-11-21,10000.0,0.9800809000641576
2018-11-23,10000.0,0.973535345966812
2018-11-26,10000.0,0.9892524344504819
2018-11-27,10000.0,0.9925806168671026
2018-11-28,10000.0,1.0154353469667032
2018-11-29,10000.0,1.0132164743099452
2018-11-30,10000.0,1.0193923217715948
2018-12-03,10000.0,1.0328904743142486
2018-12-04,10000.0,0.9994223412922569
2018-12-06,10000.0,0.9979062403214638
2018-12-07,10000.0,0.9747188881614012
2018-12-10,10000.0,0.9765677377611726
2018-12-11,10000.0,0.976789802222771
2018-12-12,10000.0,0.9817081914763952
2018-12-13,10000.0,0.9813752529946428
2018-12-14,10000.0,0.9632543752521087
2018-12-17,10000.0,0.9443570629472061
2018-12-18,10000.0,0.9433215426322632
2018-12-19,10000.0,0.9291947242698547
2018-12-20,10000.0,0.9140692803149633
2018-12-21,10000.0,0.8953404939893245
2018-12-24,10000.0,0.8716829397917366
2018-12-26,10000.0,0.9157244168007554
2018-12-27,10000.0,0.9227549814520168
2018-12-28,10000.0,0.9215644147047808
2018-12-31,10000.0,0.9296363851069864
2019-01-02,10000.0,0.9306033052861721
2019-01-03,10000.0,0.9083967325578143
2019-01-04,10000.0,0.9388239936948628
2019-01-07,10000.0,0.9462262267938207
2019-01-08,10000.0,0.955116462652985
2019-01-09,10000.0,0.9595802177965712
2019-01-10,10000.0,0.9629651029084306
2019-01-11,10000.0,0.9633370244931595
2019-01-14,10000.0,0.9574600685824162
2019-01-15,10000.0,0.9684333057962432
2019-01-16,10000.0,0.970776595304384
2019-01-17,10000.0,0.9781415539753335
2019-01-18,10000.0,0.9911606446843312
2019-01-22,10000.0,0.9777698222433788
2019-01-23,10000.0,0.9798156124542914
2019-01-24,10000.0,0.9803364418982796
2019-01-25,10000.0,0.9886314260259549
2019-01-28,10000.0,0.981117622780004
2019-01-29,10000.0,0.9798156124542914
2019-01-30,10000.0,0.9953270903834633
2019-01-31,10000.0,1.0040679121093035
2019-02-01,10000.0,1.0045518468308319
2019-02-04,10000.0,1.0116195593415855
2019-02-05,10000.0,1.0158596679171215
2019-02-06,10000.0,1.0145207628689488
2019-02-07,10000.0,1.0048492828438023
2019-02-08,10000.0,1.0060769974505304
2019-02-11,10000.0,1.006635038038269
2019-02-12,10000.0,1.0195795166069916
2019-02-13,10000.0,1.022890359136899
2019-02-14,10000.0,1.0206209856421942
2019-02-15,10000.0,1.0317430674310224
2019-02-19,10000.0,1.033528696056973
2019-02-20,10000.0,1.035611760695894
2019-02-21,10000.0,1.0319289332969996
2019-02-22,10000.0,1.0383267819359896
2019-02-25,10000.0,1.0397402991244369
2019-02-26,10000.0,1.0389966458077533
2019-02-27,10000.0,1.0385502386512657
2019-02-28,10000.0,1.036616018587346
2019-03-01,10000.0,1.0430882262295784
2019-03-04,10000.0,1.0392938286836912
2019-03-05,10000.0,1.0378806912007923
2019-03-06,10000.0,1.0315942861402791
2019-03-07,10000.0,1.0229646548558833
2019-03-08,10000.0,1.0209186115079385
2019-03-11,10000.0,1.0357228878530802
2019-03-12,10000.0,1.0396287289774442
2019-03-13,10000.0,1.046510385769446
2019-03-14,10000.0,1.0458409016032308
2019-03-15,10000.0,1.0510078714225883
2019-03-18,10000.0,1.0548186595913178
2019-03-19,10000.0,1.055079897008667
2019-03-20,10000.0,1.0519043562225323
2019-03-21,10000.0,1.0637855959712734
2019-03-22,10000.0,1.043311239955048
2019-03-25,10000.0,1.0425268948604196
2019-03-26,10000.0,1.0502982650367512
2019-03-27,10000.0,1.0448061406993847
2019-03-28,10000.0,1.0487658367273736
2019-03-29,10000.0,1.0553792948336378
2019-04-01,10000.0,1.0678950225538768
2019-04-02,10000.0,1.068418256799672
2019-04-03,10000.0,1.0700994663997927
2019-04-04,10000.0,1.0729391576283034
2019-04-05,10000.0,1.0781321372777315
2019-04-08,10000.0,1.0789539466531424
2019-04-09,10000.0,1.0734245478877678
2019-04-10,10000.0,1.0770863016287215
2019-04-11,10000.0,1.076786967088009
2019-04-12,10000.0,1.0840725040150698
2019-04-15,10000.0,1.0833628343449744
2019-04-16,10000.0,1.0840725040150698
2019-04-17,10000.0,1.0814201341904721
2019-04-18,10000.0,1.0835493963377907
2019-04-22,10000.0,1.0844838516925819
2019-04-23,10000.0,1.0942350698829078
2019-04-24,10000.0,1.091806726331909
2019-04-25,10000.0,1.0911340146685315
2019-04-26,10000.0,1.0962152343181926
2019-04-29,10000.0,1.097933401925031
2019-04-30,10000.0,1.0984942270201252
2019-05-01,10000.0,1.0902372767315553
2019-05-02,10000.0,1.0878834820365735
2019-05-03,10000.0,1.0985315647323917
2019-05-06,10000.0,1.0940109170407926
2019-05-07,10000.0,1.0757408783019669
2019-05-08,10000.0,1.0742466104002109
2019-05-09,10000.0,1.0709959511997367
2019-05-10,10000.0,1.0763766319586263
2019-05-13,10000.0,1.0493267251067258
2019-05-14,10000.0,1.0588164527426702
2019-05-15,10000.0,1.065018373318648
2019-05-16,10000.0,1.0748817312142895
2019-05-17,10000.0,1.0679327399716916
2019-05-20,10000.0,1.0608712293182299
2019-05-21,10000.0,1.0704356323787072
2019-05-22,10000.0,1.067148141740031
2019-05-23,10000.0,1.0541089899212226
2019-05-24,10000.0,1.0565000590442128
2019-05-28,10000.0,1.0466739755765797
2019-05-29,10000.0,1.0396504354779652
2019-05-30,10000.0,1.0424896837166693
2019-05-31,10000.0,1.028441717539827
2019-06-03,10000.0,1.0258264322904636
2019-06-04,10000.0,1.0480935680538028
2019-06-05,10000.0,1.0571730238446224
2019-06-06,10000.0,1.064047086525655
2019-06-07,10000.0,1.074694916084441
2019-06-10,10000.0,1.0796270380220683
2019-06-11,10000.0,1.0793651677621383
2019-06-12,10000.0,1.0774595521828703
2019-06-13,10000.0,1.0819059041554848
2019-06-14,10000.0,1.0807102113833444
2019-06-17,10000.0,1.0811213059238243
2019-06-18,10000.0,1.0924415940089551
2019-06-19,10000.0,1.0949072752722204
2019-06-20,10000.0,1.1053681631326417
2019-06-21,10000.0,1.103761628957054
2019-06-24,10000.0,1.1024102569100398
2019-06-25,10000.0,1.0915980148487652
2019-06-26,10000.0,1.0905090193357456
2019-06-27,10000.0,1.0943758140728748
2019-06-28,10000.0,1.100007480199305
2019-07-01,10000.0,1.1099937361241354
2019-07-02,10000.0,1.1128841813276253
2019-07-03,10000.0,1.1217822011505332
2019-07-05,10000.0,1.1205056310965682
2019-07-08,10000.0,1.1143489587651165
2019-07-09,10000.0,1.1157379216614294
2019-07-10,10000.0,1.1210692406990177
2019-07-11,10000.0,1.1236970562314808
2019-07-12,10000.0,1.1287279016117109
2019-07-15,10000.0,1.1291029241250856
2019-07-16,10000.0,1.1254611682096844
2019-07-17,10000.0,1.1178027604340237
2019-07-18,10000.0,1.1218951002669457
2019-07-19,10000.0,1.1156627399628318
2019-07-22,10000.0,1.1184034546117074
2019-07-23,10000.0,1.1264003065995736
2019-07-24,10000.0,1.1316935285137983
2019-07-25,10000.0,1.126287407483161
2019-07-26,10000.0,1.1338336755535063
2019-07-29,10000.0,1.131768836780912
2019-07-30,10000.0,1.1289905312827377
2019-07-31,10000.0,1.1166388363594388
2019-08-01,10000.0,1.106915083537119
2019-08-02,10000.0,1.0985809264536932
2019-08-05,10000.0,1.0655427466810887
2019-08-06,10000.0,1.0804851725616165
2019-08-07,10000.0,1.0811229513145342
2019-08-08,10000.0,1.1023350752114423
2019-08-09,10000.0,1.0948260182848473
2019-08-12,10000.0,1.0814988598075221
2019-08-13,10000.0,1.098318043645634
2019-08-14,10000.0,1.0658432203384467
2019-08-15,10000.0,1.0686589901174037
2019-08-16,10000.0,1.0844271489973432
2019-08-19,10000.0,1.0974918043721575
2019-08-20,10000.0,1.0890824655901339
2019-08-21,10000.0,1.0979423882896784
2019-08-22,10000.0,1.097604576920054
2019-08-23,10000.0,1.0694100476922825
2019-08-26,10000.0,1.081235976999463
2019-08-27,10000.0,1.0769937800434104
2019-08-28,10000.0,1.0845773858260221
2019-08-29,10000.0,1.098430563056498
2019-08-30,10000.0,1.0979423882896784
2019-09-03,10000.0,1.0915230862871999
2019-09-04,10000.0,1.1039117392172169
2019-09-05,10000.0,1.1181029809543495
2019-09-06,10000.0,1.1189666845086086
2019-09-09,10000.0,1.1195295346999612
2019-09-10,10000.0,1.1192671581659666
2019-09-11,10000.0,1.1272259130304692
2019-09-12,10000.0,1.131130931459478
2019-09-13,10000.0,1.1303798738845992
2019-09-16,10000.0,1.1268881016608447
2019-09-17,10000.0,1.1297413357205843
2019-09-18,10000.0,1.1304174647338978
2019-09-19,10000.0,1.1303421564667842
2019-09-20,10000.0,1.1250015979275165
2019-09-23,10000.0,1.124737702571328
2019-09-24,10000.0,1.11591182680263
2019-09-25,10000.0,1.1225121217832137
2019-09-26,10000.0,1.1201740215842353
2019-09-27,10000.0,1.1141393613023596
2019-09-30,10000.0,1.1193061412689431
2019-10-01,10000.0,1.1059923990543308
2019-10-02,10000.0,1.086455409468768
2019-10-03,10000.0,1.0953564669360636
2019-10-04,10000.0,1.11017903243179
2019-10-07,10000.0,1.1053889203692915
2019-10-08,10000.0,1.0882278749690382
2019-10-09,10000.0,1.0985619411762695
2019-10-10,10000.0,1.1059923990543308
2019-10-11,10000.0,1.117458240933043
2019-10-14,10000.0,1.1162138192821818
2019-10-15,10000.0,1.1272641367223488
2019-10-16,10000.0,1.1254539538042636
2019-10-17,10000.0,1.1287730865719792
2019-10-18,10000.0,1.1238322314067368
2019-10-21,10000.0,1.1314510232368404
2019-10-22,10000.0,1.1277547162909753
2019-10-23,10000.0,1.1310358785038437
2019-10-24,10000.0,1.1328842851138086
2019-10-25,10000.0,1.1375231477994987
2019-10-28,10000.0,1.1439347291224917
2019-10-29,10000.0,1.1435955254991894
2019-10-30,10000.0,1.1471032453559797
2019-10-31,10000.0,1.1440481345129687
2019-11-01,10000.0,1.1546466023504534
2019-11-04,10000.0,1.1592855916046596
2019-11-05,10000.0,1.1580030728304354
2019-11-06,10000.0,1.15826709475514
2019-11-07,10000.0,1.1623407024476706
2019-11-08,10000.0,1.1652070996330905
2019-11-11,10000.0,1.1629816454134925
2019-11-12,10000.0,1.165433277571464
2019-11-13,10000.0,1.1658104517496135
2019-11-14,10000.0,1.167507482414254
2019-11-15,10000.0,1.1759561840048025
2019-11-18,10000.0,1.1768235580460302
2019-11-19,10000.0,1.1764842278542118
2019-11-20,10000.0,1.1721093870932262
2019-11-21,10000.0,1.1702233896339627
2019-11-22,10000.0,1.1728256383261617
2019-11-25,10000.0,1.1819152828825321
2019-11-26,10000.0,1.1845932195473936
2019-11-27,10000.0,1.1898736580414864
2019-11-29,10000.0,1.1854608467256535
2019-12-02,10000.0,1.1753905493060945
2019-12-03,10000.0,1.167507482414254
2019-12-04,10000.0,1.1747111295113608
2019-12-05,10000.0,1.1768235580460302
2019-12-06,10000.0,1.1875726424177422
2019-12-09,10000.0,1.1838388711910945
2019-12-10,10000.0,1.1825188881360875
2019-12-11,10000.0,1.1858756117531017
2019-12-12,10000.0,1.1960965257068883
2019-12-13,10000.0,1.1968132832138885
2019-12-16,10000.0,1.2050355537290312
2019-12-17,10000.0,1.2052989428111551
2019-12-18,10000.0,1.2053745042153012
2019-12-19,10000.0,1.2103157390860917
2019-12-20,10000.0,1.2156218709889646
2019-12-23,10000.0,1.2174791373950604
2019-12-24,10000.0,1.2175171079499076
2019-12-26,10000.0,1.2239981753882712
2019-12-27,10000.0,1.2236950437920737
2019-12-30,10000.0,1.2169481824697796
2019-12-31,10000.0,1.2199050761442523
2020-01-02,10000.0,1.2313134559166288
2020-01-03,10000.0,1.2219891533313023
2020-01-06,10000.0,1.226651557760998
2020-01-07,10000.0,1.2232023125586724
2020-01-08,10000.0,1.2297214771203993
2020-01-09,10000.0,1.2380599375333745
2020-01-10,10000.0,1.234496527529475
2020-01-13,10000.0,1.2429869967303555
2020-01-14,10000.0,1.2410918863379286
2020-01-15,10000.0,1.2438965180874637
2020-01-16,10000.0,1.2542438739888915
2020-01-17,10000.0,1.258147753301255
2020-01-21,10000.0,1.2556842237027646
2020-01-22,10000.0,1.255835599648089
2020-01-23,10000.0,1.2572758227934455
2020-01-24,10000.0,1.2460947600760879
2020-01-27,10000.0,1.2261207294042331
2020-01-28,10000.0,1.238969712027515
2020-01-29,10000.0,1.2379456461632843
2020-01-30,10000.0,1.2419633105716732
2020-01-31,10000.0,1.2194119652053024
2020-02-03,10000.0,1.228470473906698
2020-02-04,10000.0,1.2471938810704
2020-02-05,10000.0,1.2615963656609996
2020-02-06,10000.0,1.2658418533984723
2020-02-07,10000.0,1.2590952452132103
2020-02-10,10000.0,1.2684946029286184
2020-02-11,10000.0,1.2706933511913072
2020-02-12,10000.0,1.2788798028163773
2020-02-13,10000.0,1.277515394212199
2020-02-14,10000.0,1.2795622602554988
2020-02-18,10000.0,1.27626464413553
2020-02-19,10000.0,1.28236701857355
2020-02-20,10000.0,1.2770982243829436
2020-02-21,10000.0,1.263946616437529
2020-02-24,10000.0,1.2220271238861495
2020-02-25,10000.0,1.1849970996824521
2020-02-26,10000.0,1.180638586260051
2020-02-27,10000.0,1.1276140986695244
2020-02-28,10000.0,1.122876385972715
2020-03-02,10000.0,1.1715043895859931
2020-03-03,10000.0,1.13796120143392
2020-03-04,10000.0,1.1857932156490831
2020-03-05,10000.0,1.1463750966825252
2020-03-06,10000.0,1.1274244990323203
2020-03-09,10000.0,1.039378882726549
2020-03-10,10000.0,1.0931616422973756
2020-03-11,10000.0,1.0398716772442085
2020-03-12,10000.0,0.9403796473269552
2020-03-13,10000.0,1.0207690708060984
2020-03-16,10000.0,0.9090729248553859
2020-03-17,10000.0,0.9581553727259277
2020-03-18,10000.0,0.9096412174929334
2020-03-19,10000.0,0.9115742984402075
2020-03-20,10000.0,0.8722908483748413
2020-03-23,10000.0,0.8499878937214296
2020-03-24,10000.0,0.9269996464941344
2020-03-25,10000.0,0.9408769350269383
2020-03-26,10000.0,0.9958142526021537
2020-03-27,10000.0,0.9661534903989554
2020-03-30,10000.0,0.9975298888386693
2020-03-31,10000.0,0.9826615055400938
2020-04-01,10000.0,0.9384369471724531
2020-04-02,10000.0,0.9600916178861058
2020-04-03,10000.0,0.9462142660690439
2020-04-06,10000.0,1.0097681150872329
2020-04-07,10000.0,1.010797370260626
2020-04-08,10000.0,1.0447281112091735
2020-04-09,10000.0,1.0606260661024327
2020-04-13,10000.0,1.050942498783993
2020-04-14,10000.0,1.0819377994215567
2020-04-15,10000.0,1.0589485902735387
2020-04-16,10000.0,1.0640574651439798
2020-04-17,10000.0,1.0928034533966497
2020-04-20,10000.0,1.0735503569928282
2020-04-21,10000.0,1.0409542810471621
2020-04-22,10000.0,1.0640574651439798
2020-04-23,10000.0,1.0639810177602207
2020-04-24,10000.0,1.0788115570724652
2020-04-27,10000.0,1.094366321434163
2020-04-28,10000.0,1.0893340838002552
2020-04-29,10000.0,1.1178509830386798
2020-04-30,10000.0,1.1074431273865284
2020-05-01,10000.0,1.0781256822834073
2020-05-04,10000.0,1.0810990298649805
2020-05-05,10000.0,1.0910879437286503
2020-05-06,10000.0,1.083691153075887
2020-05-07,10000.0,1.0967680855967687
2020-05-08,10000.0,1.1149158591489863
2020-05-11,10000.0,1.1151444418891667
2020-05-12,10000.0,1.092917871335256
2020-05-13,10000.0,1.0735885806847079
2020-05-14,10000.0,1.0864368038968928
2020-05-15,10000.0,1.0914309444074373
2020-05-18,10000.0,1.1246753042928623
2020-05-19,10000.0,1.1131236489601954
2020-05-20,10000.0,1.1320336181167137
2020-05-21,10000.0,1.124218012243985
2020-05-22,10000.0,1.1263530965430468
2020-05-26,10000.0,1.1402301952230764
2020-05-27,10000.0,1.15719556569735
2020-05-28,10000.0,1.1550606079668047
2020-05-29,10000.0,1.1602076432448674
2020-06-01,10000.0,1.1648971333370206
2020-06-02,10000.0,1.1745425402478389
2020-06-03,10000.0,1.1901736254247797
2020-06-04,10000.0,1.187047129938656
2020-06-05,10000.0,1.2174709104415102
2020-06-08,10000.0,1.2321871583836643
2020-06-09,10000.0,1.222998790384691
2020-06-10,10000.0,1.2161744691305085
2020-06-11,10000.0,1.1460634849957454
2020-06-12,10000.0,1.1597884483193537
2020-06-15,10000.0,1.1706160051710832
2020-06-16,10000.0,1.1931468464378367
2020-06-17,10000.0,1.1881913093247203
2020-06-18,10000.0,1.1886486013735975
2020-06-19,10000.0,1.1818552894058734
2020-06-22,10000.0,1.1894375029348074
2020-06-23,10000.0,1.1949132366493314
2020-06-24,10000.0,1.16443237374569
2020-06-25,10000.0,1.1769156999257928
2020-06-26,10000.0,1.148962536858334
2020-06-29,10000.0,1.16584943485259
2020-06-30,10000.0,1.1807833806425352
2020-07-01,10000.0,1.1890542534678825
2020-07-02,10000.0,1.1956025287883254
2020-07-06,10000.0,1.2140590029514513
2020-07-07,10000.0,1.2015378327850175
2020-07-08,10000.0,1.210728099311733
2020-07-09,10000.0,1.2038353044903092
2020-07-10,10000.0,1.2161271325054654
2020-07-13,10000.0,1.20559688509819
2020-07-14,10000.0,1.2212203761641613
2020-07-15,10000.0,1.2324396625733987
2020-07-16,10000.0,1.2283807368287423
2020-07-17,10000.0,1.2319419951678672
2020-07-20,10000.0,1.241898127785852
2020-07-21,10000.0,1.244540372129157
2020-07-22,10000.0,1.2516240322729466
2020-07-23,10000.0,1.2366902130515176
2020-07-24,10000.0,1.2287255094667555
2020-07-27,10000.0,1.2376856744310967
2020-07-28,10000.0,1.2298357684904895
2020-07-29,10000.0,1.2449613390138972
2020-07-30,10000.0,1.2405195435078642
2020-07-31,10000.0,1.2503225282212984
2020-08-03,10000.0,1.2590150007739664
2020-08-04,10000.0,1.263877510027707
2020-08-05,10000.0,1.2717274159683143
2020-08-06,10000.0,1.2802285169245522
2020-08-07,10000.0,1.2811474043518558
2020-08-10,10000.0,1.2849768613767187
2020-08-11,10000.0,1.2743696603116192
2020-08-12,10000.0,1.2921373486098158
2020-08-13,10000.0,1.2898015266441283
2020-08-14,10000.0,1.2898397503360077
2020-08-17,10000.0,1.293937152909576
2020-08-18,10000.0,1.2967327982944639
2020-08-19,10000.0,1.2913332588266668
2020-08-20,10000.0,1.2953539608794435
2020-08-21,10000.0,1.2999491574270594
2020-08-24,10000.0,1.3131220288831886
2020-08-25,10000.0,1.3177167191567398
2020-08-26,10000.0,1.3309279408732646
2020-08-27,10000.0,1.3338380041967588
2020-08-28,10000.0,1.3424536496601192
2020-08-31,10000.0,1.3375903809952816
2020-09-01,10000.0,1.3501886313880553
2020-09-02,10000.0,1.369717520588584
2020-09-03,10000.0,1.3225798612530613
2020-09-04,10000.0,1.3117816682970802
2020-09-08,10000.0,1.275939995891586
2020-09-09,10000.0,1.3011366232456496
2020-09-10,10000.0,1.278543636837463
2020-09-11,10000.0,1.2791948318530935
2020-09-14,10000.0,1.2960431264499215
2020-09-15,10000.0,1.3025914017703644
2020-09-16,10000.0,1.297422090433458
2020-09-17,10000.0,1.2860105464481772
2020-09-18,10000.0,1.2712054474076806
2020-09-21,10000.0,1.2570572389660415
2020-09-22,10000.0,1.2698595178068612
2020-09-23,10000.0,1.2404103148784202
2020-09-24,10000.0,1.2437165376574877
2020-09-25,10000.0,1.2638240981138886
2020-09-28,10000.0,1.2848151068130693
2020-09-29,10000.0,1.2778180195343316
2020-09-30,10000.0,1.2875062066036111
2020-10-01,10000.0,1.2957722698253442
2020-10-02,10000.0,1.2834694303492822
2020-10-05,10000.0,1.306229487198797
2020-10-06,10000.0,1.2876601139192587
2020-10-07,10000.0,1.3100738793085662
2020-10-08,10000.0,1.3216843890012466
2020-10-09,10000.0,1.3334872828384863
2020-10-12,10000.0,1.3549400134846097
2020-10-13,10000.0,1.3460975572402951
2020-10-14,10000.0,1.3376392364425185
2020-10-15,10000.0,1.335986378190017
2020-10-16,10000.0,1.335178871056932
2020-10-19,10000.0,1.3148794327300362
2020-10-20,10000.0,1.3201465815299325
2020-10-21,10000.0,1.31764786588395
2020-10-22,10000.0,1.3248754344306106
2020-10-23,10000.0,1.3293735529263337
2020-10-26,10000.0,1.3048071102142185
2020-10-27,10000.0,1.300308485444431
2020-10-28,10000.0,1.2558655963864183
2020-10-29,10000.0,1.2686295249668422
2020-10-30,10000.0,1.2554045072820563
2020-11-02,10000.0,1.269475382360323
2020-11-03,10000.0,1.2918891477496308
2020-11-04,10000.0,1.3207618310869742
2020-11-05,10000.0,1.3465202960842613
2020-11-06,10000.0,1.346213114295547
2020-11-09,10000.0,1.3631287433429706
2020-11-10,10000.0,1.3611297201987784
2020-11-11,10000.0,1.3712410258175725
2020-11-12,10000.0,1.3579389279064467
2020-11-13,10000.0,1.3767386558853918
2020-11-16,10000.0,1.3939238758722312
2020-11-17,10000.0,1.3864269695231872
2020-11-18,10000.0,1.369741568606654
2020-11-19,10000.0,1.3755085364768564
2020-11-20,10000.0,1.3660889277988635
2020-11-23,10000.0,1.374278163931289
2020-11-24,10000.0,1.396422971223762
2020-11-25,10000.0,1.3942697876268897
2020-11-27,10000.0,1.3981529097026033
2020-11-30,10000.0,1.3919630764199185
2020-12-01,10000.0,1.407187370385929
2020-12-02,10000.0,1.4101479345473702
2020-12-03,10000.0,1.4097634193952835
2020-12-04,10000.0,1.421912351555698
2020-12-07,10000.0,1.4189905173602009
2020-12-08,10000.0,1.423142344395717
2020-12-09,10000.0,1.4103786689523252
2020-12-10,10000.0,1.409917200142415
2020-12-11,10000.0,1.4082639621843651
2020-12-14,10000.0,1.4019589515519768
2020-12-15,10000.0,1.4209125868465695
2020-12-16,10000.0,1.423142344395717
2020-12-17,10000.0,1.431100592986155
2020-12-18,10000.0,1.4253865307557065
2020-12-21,10000.0,1.4202902494526228
2020-12-22,10000.0,1.4178962059695028
2020-12-23,10000.0,1.4191702446531447
2020-12-24,10000.0,1.4246915430334854
2020-12-28,10000.0,1.4369309716829524
2020-12-29,10000.0,1.43418949762298
2020-12-30,10000.0,1.436235730823699
2020-12-31,10000.0,1.4435332917597947
2021-01-04,10000.0,1.42388074511898
2021-01-05,10000.0,1.433687400319383
2021-01-06,10000.0,1.4422591265076368
2021-01-07,10000.0,1.4636874294301416
2021-01-08,10000.0,1.472026649254214
2021-01-11,10000.0,1.462104310430043
2021-01-12,10000.0,1.4624128844724351
2021-01-13,10000.0,1.4663511904211934
2021-01-14,10000.0,1.4612160525836495
2021-01-15,10000.0,1.450559742934281
2021-01-19,10000.0,1.4619496437032986
2021-01-20,10000.0,1.4821811147370179
2021-01-21,10000.0,1.4835326133525482
2021-01-22,10000.0,1.4782814121856878
2021-01-25,10000.0,1.484111664313969
2021-01-26,10000.0,1.4817949541942212
2021-01-27,10000.0,1.4455792718234814
2021-01-28,10000.0,1.4580117174600888
2021-01-29,10000.0,1.4288226128323516
2021-02-01,10000.0,1.4526063558405484
2021-02-02,10000.0,1.4731464009166597
2021-02-03,10000.0,1.4743048825450498
2021-02-04,10000.0,1.4910614149676635
2021-02-05,10000.0,1.4969300173563407
2021-02-08,10000.0,1.5077408671639374
2021-02-09,10000.0,1.5067366725567435
2021-02-10,10000.0,1.5060805413689828
2021-02-11,10000.0,1.5085126819754662
2021-02-12,10000.0,1.515964656501274
2021-02-16,10000.0,1.5146516347146557
2021-02-17,10000.0,1.514998938722992
2021-02-18,10000.0,1.5085514119414105
2021-02-19,10000.0,1.5058876509503587
2021-02-22,10000.0,1.4943047331942008
2021-02-23,10000.0,1.4961190928733192
2021-02-24,10000.0,1.5126054015139367
2021-02-25,10000.0,1.4761582253271448
2021-02-26,10000.0,1.4685518372116246
2021-03-01,10000.0,1.5041497386549993
2021-03-02,10000.0,1.4924125338776455
2021-03-03,10000.0,1.4726448098871274
2021-03-04,10000.0,1.4544209686566991
2021-03-05,10000.0,1.4811774264038884
2021-03-08,10000.0,1.473802911809969
2021-03-09,10000.0,1.4948451807581935
2021-03-10,10000.0,1.5041497386549993
2021-03-11,10000.0,1.519400485440887
2021-03-12,10000.0,1.5214470983471544
2021-03-15,10000.0,1.5305204155649406
2021-03-16,10000.0,1.5285897394194732
2021-03-17,10000.0,1.5338022106203895
2021-03-18,10000.0,1.511485776420007
2021-03-19,10000.0,1.508689245055506
2021-03-22,10000.0,1.5207359098548652
2021-03-23,10000.0,1.5087665784188782
2021-03-24,10000.0,1.5010967794767631
2021-03-25,10000.0,1.5095410511692462
2021-03-26,10000.0,1.5338672668376945
2021-03-29,10000.0,1.5330929206558426
2021-03-30,10000.0,1.5290251351150552
2021-03-31,10000.0,1.5352230687827741
2021-04-01,10000.0,1.551802025577219
2021-04-05,10000.0,1.574075553050624
2021-04-06,10000.0,1.5731455275938984
2021-04-07,10000.0,1.574966468835857
2021-04-08,10000.0,1.5824422382427026
2021-04-09,10000.0,1.593946936655875
2021-04-12,10000.0,1.5945280127135544
2021-04-13,10000.0,1.599253954538361
2021-04-14,10000.0,1.593791890223582
2021-04-15,10000.0,1.6109131931097618
2021-04-16,10000.0,1.61629754435562
2021-04-19,10000.0,1.6083565090833793
2021-04-20,10000.0,1.5965809540456297
2021-04-21,10000.0,1.6116881721341945
2021-04-22,10000.0,1.5969682537050718
2021-04-23,10000.0,1.6142832064209727
2021-04-26,10000.0,1.6176532197321836
2021-04-27,10000.0,1.6173046500386856
2021-04-28,10000.0,1.6168401435843875
2021-04-29,10000.0,1.6271439599162572
2021-04-30,10000.0,1.6164523376508808
2021-05-03,10000.0,1.6199387939969565
2021-05-04,10000.0,1.6099450705296727
2021-05-05,10000.0,1.6104484335184313
2021-05-06,10000.0,1.623308554171135
2021-05-07,10000.0,1.6351233454488936
2021-05-10,10000.0,1.618931814882407
2021-05-11,10000.0,1.6044830062148938
2021-05-12,10000.0,1.5703957000118596
2021-05-13,10000.0,1.589260104502561
2021-05-14,10000.0,1.6136634003973491
2021-05-17,10000.0,1.6095573911646823
2021-05-18,10000.0,1.5956899116918806
2021-05-19,10000.0,1.5915066956643575
2021-05-20,10000.0,1.6086278719820213
2021-05-21,10000.0,1.6073109265714018
2021-05-24,10000.0,1.6236963601046417
2021-05-25,10000.0,1.6200938404292495
2021-05-26,10000.0,1.623308554171135
2021-05-27,10000.0,1.6241612462644885
2021-05-28,10000.0,1.627066626552885
2021-06-01,10000.0,1.625633364675917
2021-06-02,10000.0,1.6281894158597185
2021-06-03,10000.0,1.6221467817613249
2021-06-04,10000.0,1.636982636951248
2021-06-07,10000.0,1.6353945817790192
2021-06-08,10000.0,1.6357431514725171
2021-06-09,10000.0,1.6333025307754512
2021-06-10,10000.0,1.6408948697856778
2021-06-11,10000.0,1.6436066002443532
2021-06-14,10000.0,1.6472864532831177
2021-06-15,10000.0,1.644265136233921
2021-06-16,10000.0,1.6350847420514656
2021-06-17,10000.0,1.6345423959597305
2021-06-18,10000.0,1.6124918822117948
2021-06-21,10000.0,1.635575954462673
2021-06-22,10000.0,1.6443201935384495
2021-06-23,10000.0,1.6423381305754223
2021-06-24,10000.0,1.6520541627182563
2021-06-25,10000.0,1.6579220056958364
2021-06-28,10000.0,1.6612643005020087
2021-06-29,10000.0,1.6621585070686618
2021-06-30,10000.0,1.6635570891722027
2021-07-01,10000.0,1.6727678597985358
2021-07-02,10000.0,1.6855534315952228
2021-07-06,10000.0,1.682483132530273
2021-07-07,10000.0,1.6884293214193544
2021-07-08,10000.0,1.6746720831241262
2021-07-09,10000.0,1.6925486203462181
2021-07-12,10000.0,1.6986111257016483
2021-07-13,10000.0,1.6928211223615053
2021-07-14,10000.0,1.695346797101429
2021-07-15,10000.0,1.6895564140557375
2021-07-16,10000.0,1.6763041841399777
2021-07-19,10000.0,1.6515483949276908
2021-07-20,10000.0,1.675215948038055
2021-07-21,10000.0,1.68877928336653
2021-07-22,10000.0,1.6923158608450044
2021-07-23,10000.0,1.7097263727906042
2021-07-26,10000.0,1.7139232582178723
2021-07-27,10000.0,1.7061120822432092
2021-07-28,10000.0,1.7054125380544065
2021-07-29,10000.0,1.7124853133058064
2021-07-30,10000.0,1.7041692555201908
2021-08-02,10000.0,1.7005931886646757
2021-08-03,10000.0,1.714428393165857
2021-08-04,10000.0,1.7059956392083444
2021-08-05,10000.0,1.716799148042004
2021-08-06,10000.0,1.7196360547631593
2021-08-09,10000.0,1.7182372195225861
2021-08-10,10000.0,1.7203743289179063
2021-08-11,10000.0,1.7246491805511275
2021-08-12,10000.0,1.7298179856139693
2021-08-13,10000.0,1.7329659977478398
2021-08-16,10000.0,1.7370466932772752
2021-08-17,10000.0,1.7256598301526453
2021-08-18,10000.0,1.7067727698975517
2021-08-19,10000.0,1.709415393946405
2021-08-20,10000.0,1.723017079535276
2021-08-23,10000.0,1.738173659345142
2021-08-24,10000.0,1.7409329795658928
2021-08-25,10000.0,1.744586000079232
2021-08-26,10000.0,1.7342873730565247
2021-08-27,10000.0,1.749793535108018
2021-08-30,10000.0,1.7574883946163322
2021-08-31,10000.0,1.7548846271019392
2021-09-01,10000.0,1.755817183928988
2021-09-02,10000.0,1.761219001630076
2021-09-03,10000.0,1.7607915797510119
2021-09-07,10000.0,1.754495808620303
2021-09-08,10000.0,1.7523584460879507
2021-09-09,10000.0,1.7448581223889705
2021-09-10,10000.0,1.7311006309567099
2021-09-13,10000.0,1.735530529022224
2021-09-14,10000.0,1.7261653448061787
2021-09-15,10000.0,1.7405830176187171
2021-09-16,10000.0,1.7378239505349988
2021-09-17,10000.0,1.7208956646359592
2021-09-20,10000.0,1.6922010632008495
2021-09-21,10000.0,1.690602755978812
2021-09-22,10000.0,1.7070938742230433
2021-09-23,10000.0,1.7278356695139099
2021-09-24,10000.0,1.7306813094626798
2021-09-27,10000.0,1.7257296959735644
2021-09-28,10000.0,1.690953730474117
2021-09-29,10000.0,1.6937997501284354
2021-09-30,10000.0,1.67309744421461
2021-10-01,10000.0,1.69298072526038
2021-10-04,10000.0,1.6711479093602355
2021-10-05,10000.0,1.6885362718155077
2021-10-06,10000.0,1.6955541163308951
2021-10-07,10000.0,1.7102132818722622
2021-10-08,10000.0,1.7070938742230433
2021-10-11,10000.0,1.6947354711683882
2021-10-12,10000.0,1.6905635197388031
2021-10-13,10000.0,1.6966456432142378
2021-10-14,10000.0,1.7251840591004093
2021-10-15,10000.0,1.7383228836256919
2021-10-18,10000.0,1.74346941262969
2021-10-19,10000.0,1.7569198488417526
2021-10-20,10000.0,1.763820364342662
2021-10-21,10000.0,1.7684211299049888
2021-10-22,10000.0,1.7665886709280598
2021-10-25,10000.0,1.7760623243624523
2021-10-26,10000.0,1.7776606315844898
2021-10-27,10000.0,1.7697856650776833
2021-10-28,10000.0,1.7868622892776596
2021-10-29,10000.0,1.7904877178544762
2021-11-01,10000.0,1.7935676361266542
2021-11-02,10000.0,1.8008193792599008
2021-11-03,10000.0,1.8118140065529584
2021-11-04,10000.0,1.820351938947398
2021-11-05,10000.0,1.8266677079036595
2021-11-08,10000.0,1.8282271585912366
2021-11-09,10000.0,1.8221849041983915
2021-11-10,10000.0,1.8075253589514761
2021-11-11,10000.0,1.8081099789276078
2021-11-12,10000.0,1.821755457223069
2021-11-15,10000.0,1.8223793134392097
2021-11-16,10000.0,1.8295920734694797
2021-11-17,10000.0,1.8251476200246075
2021-11-18,10000.0,1.8313465662404556
2021-11-19,10000.0,1.828071479316363
2021-11-22,10000.0,1.8229254565864295
2021-11-23,10000.0,1.825342408970974
2021-11-24,10000.0,1.830215803117104
2021-11-26,10000.0,1.7893961909711336
2021-11-29,10000.0,1.8113459561802077
2021-11-30,10000.0,1.776101434033945
2021-12-01,10000.0,1.756374085400081
2021-12-02,10000.0,1.7832752109612384
2021-12-03,10000.0,1.7677584171543879
2021-12-06,10000.0,1.78869436854904
2021-12-07,10000.0,1.8256933834662787
2021-12-08,10000.0,1.8305276679409164
2021-12-09,10000.0,1.818169138317745
2021-12-10,10000.0,1.8352839862096006
2021-12-13,10000.0,1.8190262603091638
2021-12-14,10000.0,1.8065112920000217
2021-12-15,10000.0,1.8347380961994133
2021-12-16,10000.0,1.8185585896419618
2021-12-17,10000.0,1.7992037321511496
2021-12-20,10000.0,1.7800722680913557
2021-12-21,10000.0,1.8116845269609292
2021-12-22,10000.0,1.8297991395619135
2021-12-23,10000.0,1.8411839775902847
2021-12-27,10000.0,1.8672407645801552
2021-12-28,10000.0,1.865714981117876
2021-12-29,10000.0,1.8681016836270588
2021-12-30,10000.0,1.8629371818937663
2021-12-31,10000.0,1.8582423759239344
2022-01-03,10000.0,1.8690014592084228
2022-01-04,10000.0,1.8683755778960238
2022-01-05,10000.0,1.8324987194430378
2022-01-06,10000.0,1.830777134486263
2022-01-07,10000.0,1.823538934184245
2022-01-10,10000.0,1.8212700669636048
2022-01-11,10000.0,1.8378587695337938
2022-01-12,10000.0,1.8428275963411067
2022-01-13,10000.0,1.8174359269036442
2022-01-14,10000.0,1.8181792637990375
2022-01-18,10000.0,1.785979727014493
2022-01-19,10000.0,1.7674347814585731
2022-01-20,10000.0,1.7478731110123595
2022-01-21,10000.0,1.7135611456931454
2022-01-24,10000.0,1.7208380759611075
2022-01-25,10000.0,1.6998285882585678
2022-01-26,10000.0,1.6955637355381232
2022-01-27,10000.0,1.6871909750572691
2022-01-28,10000.0,1.7290936339959997
2022-01-31,10000.0,1.7602363236706287
2022-02-01,10000.0,1.7721302202709857
2022-02-02,10000.0,1.7893448041535738
2022-02-03,10000.0,1.747286339371453
2022-02-04,10000.0,1.755502281460788
2022-02-07,10000.0,1.749868337101067
2022-02-08,10000.0,1.7642657589510204
2022-02-09,10000.0,1.7900881410489669
2022-02-10,10000.0,1.7579280936414636
2022-02-11,10000.0,1.723263888141783
2022-02-14,10000.0,1.7176299437820621
2022-02-15,10000.0,1.7453300963857221
2022-02-16,10000.0,1.747286339371453
2022-02-17,10000.0,1.709961537093625
2022-02-18,10000.0,1.698889576437195
2022-02-22,10000.0,1.680657761390249
2022-02-23,10000.0,1.6508451802519195
2022-02-24,10000.0,1.6756888080144197
2022-02-25,10000.0,1.7126614966802978
2022-02-28,10000.0,1.7082795680824072
2022-03-01,10000.0,1.6822616376269972
2022-03-02,10000.0,1.7132090320811952
2022-03-03,10000.0,1.7046799594828865
2022-03-04,10000.0,1.690830199602347
2022-03-07,10000.0,1.6409857459802788
2022-03-08,10000.0,1.6285443139790243
2022-03-09,10000.0,1.6722071612719578
2022-03-10,10000.0,1.66465570389245
2022-03-11,10000.0,1.6434896509354235
2022-03-14,10000.0,1.631478678457621
2022-03-15,10000.0,1.6673555369106068
2022-03-16,10000.0,1.7043274661653878
2022-03-17,10000.0,1.7256505906509658
2022-03-18,10000.0,1.7445510671687725
2022-03-21,10000.0,1.7440411226171737
2022-03-22,10000.0,1.7644489035939004
2022-03-23,10000.0,1.7417255516140713
2022-03-24,10000.0,1.7679807980372768
2022-03-25,10000.0,1.7766147959354799
2022-03-28,10000.0,1.789251902862714
2022-03-29,10000.0,1.811386331536862
2022-03-30,10000.0,1.8002017249010518
2022-03-31,10000.0,1.7724942313234548
2022-04-01,10000.0,1.7775176091612317
2022-04-04,10000.0,1.792744814203114
2022-04-05,10000.0,1.7701000612718187
2022-04-06,10000.0,1.7524002136982826
2022-04-07,10000.0,1.7612305193650462
2022-04-08,10000.0,1.7565211580158562
2022-04-11,10000.0,1.726498220003673
2022-04-12,10000.0,1.720100940923006
2022-04-13,10000.0,1.7398023430110574
2022-04-14,10000.0,1.7181386226484994
2022-04-18,10000.0,1.7188453812427231
2022-04-19,10000.0,1.7465918579232966
2022-04-20,10000.0,1.745296935434489
2022-04-21,10000.0,1.7191983808342866
2022-04-22,10000.0,1.6720251557457233
2022-04-25,10000.0,1.6817186586926813
2022-04-26,10000.0,1.6330147139697089
2022-04-27,10000.0,1.6376064931673886
2022-04-28,10000.0,1.678971615617998
2022-04-29,10000.0,1.6169239319420838
2022-05-02,10000.0,1.6266571774031153
2022-05-03,10000.0,1.6341135818269887
2022-05-04,10000.0,1.6838774113042645
2022-05-05,10000.0,1.624027589911426
2022-05-06,10000.0,1.614333960395952
2022-05-09,10000.0,1.5626474285897267
2022-05-10,10000.0,1.5662576689446046
2022-05-11,10000.0,1.541376070627257
2022-05-12,10000.0,1.5397670050813461
2022-05-13,10000.0,1.5765794580057688
2022-05-16,10000.0,1.570182432062134
2022-05-17,10000.0,1.6024817048374107
2022-05-18,10000.0,1.537882906149825
2022-05-19,10000.0,1.5284640568829289
2022-05-20,10000.0,1.5291313261001114
2022-05-23,10000.0,1.5577416329034603
2022-05-24,10000.0,1.545850014536394
2022-05-25,10000.0,1.5595077699779227
2022-05-26,10000.0,1.5906685589503622
2022-05-27,10000.0,1.6297181103978693
2022-05-31,10000.0,1.6205737882425189
2022-06-01,10000.0,1.6074659730036949
2022-06-02,10000.0,1.638077581184527
2022-06-03,10000.0,1.6111943017841477
2022-06-06,10000.0,1.616099844333382
2022-06-07,10000.0,1.6316020827608744
2022-06-08,10000.0,1.6138628723788135
2022-06-09,10000.0,1.5754804635799728
2022-06-10,10000.0,1.5297984687487778
2022-06-13,10000.0,1.4717150375674342
2022-06-14,10000.0,1.4672802033297898
2022-06-15,10000.0,1.4881981819951475
2022-06-16,10000.0,1.438944676775019
2022-06-17,10000.0,1.4420466179690081
2022-06-21,10000.0,1.4783482403622188
2022-06-22,10000.0,1.4756678988955505
2022-06-23,10000.0,1.4901332880386804
2022-06-24,10000.0,1.5375102884382572
2022-06-27,10000.0,1.5316376358570631
2022-06-28,10000.0,1.5003417982778835
2022-06-29,10000.0,1.4991199058228986
2022-06-30,10000.0,1.4869404706500902
2022-07-01,10000.0,1.502667241625246
2022-07-05,10000.0,1.5055051608945307
2022-07-06,10000.0,1.5105897978941276
2022-07-07,10000.0,1.5332140467258053
2022-07-08,10000.0,1.5319530445993277
2022-07-11,10000.0,1.5144525424387398
2022-07-12,10000.0,1.5010513413794626
2022-07-13,10000.0,1.493168147919106
2022-07-14,10000.0,1.4895420864997084
2022-07-15,10000.0,1.5179998782410875
2022-07-18,10000.0,1.5054659246545217
2022-07-19,10000.0,1.5461425143772343
2022-07-20,10000.0,1.5559959999286153
2022-07-21,10000.0,1.571841365603411
2022-07-22,10000.0,1.5572576348976739
2022-07-25,10000.0,1.5591493279401645
2022-07-26,10000.0,1.5407029792583313
2022-07-27,10000.0,1.5807096418250217
2022-07-28,10000.0,1.6005355873329723
2022-07-29,10000.0,1.623869379266229
2022-08-01,10000.0,1.6190606616318555
2022-08-02,10000.0,1.6083790382792555
2022-08-03,10000.0,1.6335655401520266
2022-08-04,10000.0,1.6324618626911327
2022-08-05,10000.0,1.6297022893333497
2022-08-08,10000.0,1.6278109759964074
2022-08-09,10000.0,1.6213471218762416
2022-08-10,10000.0,1.6554012671280427
2022-08-11,10000.0,1.6554012671280427
2022-08-12,10000.0,1.6834258148386143
2022-08-15,10000.0,1.6903627820721772
2022-08-16,10000.0,1.6936736878863425
2022-08-17,10000.0,1.6816520836531825
2022-08-18,10000.0,1.6865395269046062
2022-08-19,10000.0,1.6638757886958875
2022-08-22,10000.0,1.6292299356310498
2022-08-23,10000.0,1.625288085763839
2022-08-24,10000.0,1.6304910643260435
2022-08-25,10000.0,1.6535097006540682
2022-08-26,10000.0,1.5975398371240392
2022-08-29,10000.0,1.586976808471079
2022-08-30,10000.0,1.5695547787905086
2022-08-31,10000.0,1.557612153311431
2022-09-01,10000.0,1.562499849699887
2022-09-02,10000.0,1.5460237931090783
2022-09-06,10000.0,1.540190883041958
2022-09-07,10000.0,1.5678601529276754
2022-09-08,10000.0,1.5781081525439196
2022-09-09,10000.0,1.6026242209866042
2022-09-12,10000.0,1.6198488037819685
2022-09-13,10000.0,1.5494139308143582
2022-09-14,10000.0,1.5553259462040774
2022-09-15,10000.0,1.5376682459464217
2022-09-16,10000.0,1.5259373695948757
2022-09-19,10000.0,1.5377708930130256
2022-09-20,10000.0,1.5201197743182102
2022-09-21,10000.0,1.493602784203591
2022-09-22,10000.0,1.4810568066079903
2022-09-23,10000.0,1.45624216303569
2022-09-26,10000.0,1.441835881389606
2022-09-27,10000.0,1.438155015802712
2022-09-28,10000.0,1.466452951508184
2022-09-29,10000.0,1.4358202063851537
2022-09-30,10000.0,1.4136171775752484
2022-10-03,10000.0,1.4509385625031406
2022-10-04,10000.0,1.4958983573811404
2022-10-05,10000.0,1.4924155715220333
2022-10-06,10000.0,1.4770200303536616
2022-10-07,10000.0,1.4358202063851537
2022-10-10,10000.0,1.4248573477896518
2022-10-11,10000.0,1.4158337719987155
2022-10-12,10000.0,1.4111636468895343
2022-10-13,10000.0,1.4484056733577957
2022-10-14,10000.0,1.4153982497346174
2022-10-17,10000.0,1.4517699910857793
2022-10-18,10000.0,1.4688273768712996
2022-10-19,10000.0,1.4584185086710193
2022-10-20,10000.0,1.4461892055028447
2022-10-21,10000.0,1.4813338650898593
2022-10-24,10000.0,1.4994603751313622
2022-10-25,10000.0,1.5234044804495308
2022-10-26,10000.0,1.5119271208358485
2022-10-27,10000.0,1.5038534417586746
2022-10-28,10000.0,1.5396311970635093
2022-10-31,10000.0,1.5285096215487455
2022-11-01,10000.0,1.5218214880179484
2022-11-02,10000.0,1.4836294382674087
2022-11-03,10000.0,1.4683526183671927
2022-11-04,10000.0,1.4894866494896315
2022-11-07,10000.0,1.5037347204905187
2022-11-08,10000.0,1.5118478889447338
2022-11-09,10000.0,1.4807010225090715
2022-11-10,10000.0,1.562071668409726
2022-11-11,10000.0,1.5771900245277128
2022-11-14,10000.0,1.563773255540948
2022-11-15,10000.0,1.577110666068082
2022-11-16,10000.0,1.5650791894906617
2022-11-17,10000.0,1.560290469681841
2022-11-18,10000.0,1.567374762668211
2022-11-21,10000.0,1.561675508954153
2022-11-22,10000.0,1.5826911985139844
2022-11-23,10000.0,1.592664797587199
2022-11-25,10000.0,1.592308000940151
2022-11-28,10000.0,1.5668996244585558
2022-11-29,10000.0,1.56420865123653
2022-11-30,10000.0,1.6134820277136954
2022-12-01,10000.0,1.6122948150321377
2022-12-02,10000.0,1.610434384413138
2022-12-05,10000.0,1.581464116749837
2022-12-06,10000.0,1.558667608167669
2022-12-07,10000.0,1.5560159977541683
2022-12-08,10000.0,1.5682056849767854
2022-12-09,10000.0,1.5564910093953075
2022-12-12,10000.0,1.5789312276044922
2022-12-13,10000.0,1.590883598859314
2022-12-14,10000.0,1.580712173195345
2022-12-15,10000.0,1.5420453649406982
2022-12-16,10000.0,1.5238397495765967
2022-12-19,10000.0,1.5109182431935566
2022-12-20,10000.0,1.51298573990499
2022-12-21,10000.0,1.5356083433459577
2022-12-22,10000.0,1.5137011051583125
2022-12-23,10000.0,1.5224086393644032
2022-12-27,10000.0,1.5164047352319538
2022-12-28,10000.0,1.4975591894501599
2022-12-29,10000.0,1.524515625452878
2022-12-30,10000.0,1.5205002392777798
2023-01-03,10000.0,1.5140987834360795
2023-01-04,10000.0,1.5257880187458097
2023-01-05,10000.0,1.508373583176209
2023-01-06,10000.0,1.5429637460939374
2023-01-09,10000.0,1.5420891576472888
2023-01-10,10000.0,1.552903424804822
2023-01-11,10000.0,1.5725442005736339
2023-01-12,10000.0,1.5782695274020204
2023-01-13,10000.0,1.584392405939658
2023-01-17,10000.0,1.5814899367271331
2023-01-18,10000.0,1.5565212592706692
2023-01-19,10000.0,1.545190339430181
2023-01-20,10000.0,1.5739756904913758
2023-01-23,10000.0,1.5928611053557593
2023-01-24,10000.0,1.5911517975450518
2023-01-25,10000.0,1.59174806182467
2023-01-26,10000.0,1.6092418558539014
2023-01-27,10000.0,1.612939428484928
2023-01-30,10000.0,1.5927021352994655
2023-01-31,10000.0,1.6161202218644835
2023-02-01,10000.0,1.633295949212611
2023-02-02,10000.0,1.6570718449728061
2023-02-03,10000.0,1.6394588234013543
2023-02-06,10000.0,1.6294392799567743
2023-02-07,10000.0,1.6507502538648013
2023-02-08,10000.0,1.6326996849329927
2023-02-09,10000.0,1.6185455277710943
2023-02-10,10000.0,1.622322711998784
2023-02-13,10000.0,1.6413668437824291
2023-02-14,10000.0,1.6406117360150334
2023-02-15,10000.0,1.645939511134169
2023-02-16,10000.0,1.6232767854735795
2023-02-17,10000.0,1.6192212770788594
2023-02-21,10000.0,1.5867384799551543
2023-02-22,10000.0,1.584551502564468
2023-02-23,10000.0,1.5929802063294636
2023-02-24,10000.0,1.575963575606146
2023-02-27,10000.0,1.5813312198078715
2023-02-28,10000.0,1.5754865388687482
2023-03-01,10000.0,1.5694431453592577
2023-03-02,10000.0,1.5816492864889755
2023-03-03,10000.0,1.6070151359491418
2023-03-06,10000.0,1.6081285591857797
2023-03-07,10000.0,1.583478074978936
2023-03-08,10000.0,1.5860623509418406
2023-03-09,10000.0,1.5567997100062159
2023-03-10,10000.0,1.5343359500530258
2023-03-13,10000.0,1.5321492257993718
2023-03-14,10000.0,1.5574758390195294
2023-03-15,10000.0,1.5477348728790123
2023-03-16,10000.0,1.574890148020614
2023-03-17,10000.0,1.5564754414678201
2023-03-20,10000.0,1.5714417887979015
2023-03-21,10000.0,1.592075874281518
2023-03-22,10000.0,1.564936420204436
2023-03-23,10000.0,1.569166972857002
2023-03-24,10000.0,1.5794639544889992
2023-03-27,10000.0,1.5824171776765033
2023-03-28,10000.0,1.5788651588390579
2023-03-29,10000.0,1.6018139293461635
2023-03-30,10000.0,1.61119290953047
2023-03-31,10000.0,1.6339022124050055
2023-04-03,10000.0,1.6401281177147953
2023-04-04,10000.0,1.631028727382681
2023-04-05,10000.0,1.626758179079009
2023-04-06,10000.0,1.6331039447736
2023-04-10,10000.0,1.6347800916330744
2023-04-11,10000.0,1.6352194109526572
2023-04-12,10000.0,1.6285540597547685
2023-04-13,10000.0,1.6501857582827386
2023-04-14,10000.0,1.646154677611637
2023-04-17,10000.0,1.6520615036921935
2023-04-18,10000.0,1.6531388549017265
2023-04-19,10000.0,1.652859644755083
2023-04-20,10000.0,1.6438398660196316
2023-04-21,10000.0,1.6451169423476613
2023-04-24,10000.0,1.6468333379952738
2023-04-25,10000.0,1.6206913703940293
2023-04-26,10000.0,1.613827180057257
2023-04-27,10000.0,1.6459552056301727
2023-04-28,10000.0,1.6600035515125633
2023-05-01,10000.0,1.6583272780845728
2023-05-02,10000.0,1.639689178100761
2023-05-03,10000.0,1.6284343259384835
2023-05-04,10000.0,1.61690001049253
2023-05-05,10000.0,1.6468333379952738
2023-05-08,10000.0,1.6472720244722758
2023-05-09,10000.0,1.6400482529810998
2023-05-10,10000.0,1.6477112172233424
2023-05-11,10000.0,1.6448376056325016
2023-05-12,10000.0,1.6426826500764031
2023-05-15,10000.0,1.6483498819558735
2023-05-16,10000.0,1.6373343708576498
2023-05-17,10000.0,1.6572096780869017
2023-05-18,10000.0,1.6731742713039177
2023-05-19,10000.0,1.6707397258956274
2023-05-22,10000.0,1.6714181331422318
2023-05-23,10000.0,1.6526602993421349
2023-05-24,10000.0,1.640686917713631
2023-05-25,10000.0,1.6548948664948964
2023-05-26,10000.0,1.6763270930414023
2023-05-30,10000.0,1.6769658843424493
2023-05-31,10000.0,1.667666642323322
2023-06-01,10000.0,1.6835109954499885
2023-06-02,10000.0,1.7078564495328925
2023-06-05,10000.0,1.7045840205476392
2023-06-06,10000.0,1.7082956422839592
2023-06-07,10000.0,1.7023885630663704
2023-06-08,10000.0,1.712685924403916
2023-06-09,10000.0,1.7157588814077052
2023-06-12,10000.0,1.7313238978192118
2023-06-13,10000.0,1.742738352880364
2023-06-14,10000.0,1.7448136968397994
2023-06-15,10000.0,1.7664452687992533
2023-06-16,10000.0,1.760428454678156
2023-06-20,10000.0,1.7512950174151949
2023-06-21,10000.0,1.7423218158936895
2023-06-22,10000.0,1.7486111320300741
2023-06-23,10000.0,1.735391556791483
2023-06-26,10000.0,1.7283013150848534
2023-06-27,10000.0,1.747249254796219
2023-06-28,10000.0,1.748130551374224
2023-06-29,10000.0,1.7550204351197762
2023-06-30,10000.0,1.775731094555668
2023-07-03,10000.0,1.7777741635434832
2023-07-05,10000.0,1.775130147240952
2023-07-06,10000.0,1.7612297599539493
2023-07-07,10000.0,1.7567831548443025
2023-07-10,10000.0,1.7612297599539493
2023-07-11,10000.0,1.7724460087187988
2023-07-12,10000.0,1.7867071162768504
2023-07-13,10000.0,1.8008883591012066
2023-07-14,10000.0,1.7997662026369539
2023-07-17,10000.0,1.8060153965537165
2023-07-18,10000.0,1.8194355828904174
2023-07-19,10000.0,1.8234812189408771
2023-07-20,10000.0,1.8113832938924743
2023-07-21,10000.0,1.8113832938924743
2023-07-24,10000.0,1.819475451973007
2023-07-25,10000.0,1.8244425068210937
2023-07-26,10000.0,1.8247231092214151
2023-07-27,10000.0,1.8126253107415282
2023-07-28,10000.0,1.8303714823919779
2023-07-31,10000.0,1.833856546484376
2023-08-01,10000.0,1.8286087626674516
2023-08-02,10000.0,1.8031712754271403
2023-08-03,10000.0,1.7980038626179762
2023-08-04,10000.0,1.7898717088863376
2023-08-07,10000.0,1.8054945671097282
2023-08-08,10000.0,1.7976433954839595
2023-08-09,10000.0,1.7856255883062842
2023-08-10,10000.0,1.786266531272106
2023-08-11,10000.0,1.7852249989526456
2023-08-14,10000.0,1.7950793704836399
2023-08-15,10000.0,1.7741688593607354
2023-08-16,10000.0,1.7611497686517377
2023-08-17,10000.0,1.7477298354520692
2023-08-18,10000.0,1.7485710098104523
2023-08-21,10000.0,1.7599478740223056
2023-08-22,10000.0,1.7551807974297478
2023-08-23,10000.0,1.7747295578873132
2023-08-24,10000.0,1.7501334981424173
2023-08-25,10000.0,1.7624713970974548
2023-08-28,10000.0,1.7736477767797147
2023-08-29,10000.0,1.7992856219811035
2023-08-30,10000.0,1.8066965883076764
2023-08-31,10000.0,1.8040525720051452
2023-09-01,10000.0,1.8074173960071938
2023-09-05,10000.0,1.7996059668954982
2023-09-06,10000.0,1.7875082949841277
2023-09-07,10000.0,1.7820201575550203
2023-09-08,10000.0,1.7847042960771733
2023-09-11,10000.0,1.7964413742860112
2023-09-12,10000.0,1.7865867496179846
2023-09-13,10000.0,1.7886701939624539
2023-09-14,10000.0,1.8040923145192187
2023-09-15,10000.0,1.782356450102451
2023-09-18,10000.0,1.783401779477396
2023-09-19,10000.0,1.779703067729724
2023-09-20,10000.0,1.7633419353515865
2023-09-21,10000.0,1.7341966234304396
2023-09-22,10000.0,1.7302971740161417
2023-09-25,10000.0,1.737573598010039
2023-09-26,10000.0,1.712046373691772
2023-09-27,10000.0,1.7127294639734743
2023-09-28,10000.0,1.7226591437715824
2023-09-29,10000.0,1.7184783325458661
2023-10-02,10000.0,1.7177947359900994
2023-10-03,10000.0,1.6948002742486608
2023-10-04,10000.0,1.7071419702591832
2023-10-05,10000.0,1.7064987490600705
2023-10-06,10000.0,1.7267595839895384
2023-10-09,10000.0,1.7378145844648032
2023-10-10,10000.0,1.7468598034720022
2023-10-11,10000.0,1.7540154811014852
2023-10-12,10000.0,1.7433219603083665
2023-10-13,10000.0,1.734638727257378
2023-10-16,10000.0,1.7528895275817478
2023-10-17,10000.0,1.7528091565739876
2023-10-18,10000.0,1.7294527088763387
2023-10-19,10000.0,1.714257272532012
2023-10-20,10000.0,1.6931922212508792
2023-10-23,10000.0,1.6902577302037665
2023-10-24,10000.0,1.703001154684573
2023-10-25,10000.0,1.678559508529389
2023-10-26,10000.0,1.6584592890469252
2023-10-27,10000.0,1.65094200516678
2023-10-30,10000.0,1.6706802386930333
2023-10-31,10000.0,1.6811723889769454
2023-11-01,10000.0,1.6991019584073073
2023-11-02,10000.0,1.7316641139906432
2023-11-03,10000.0,1.7474623961774283
2023-11-06,10000.0,1.7514827185246566
2023-11-07,10000.0,1.7564674929650055
2023-11-08,10000.0,1.7577538087947147
2023-11-09,10000.0,1.7440458056522714
2023-11-10,10000.0,1.771261074270532
2023-11-13,10000.0,1.7695727768335063
2023-11-14,10000.0,1.8039039805671764
2023-11-15,10000.0,1.8077228058366819
2023-11-16,10000.0,1.809933831245438
2023-11-17,10000.0,1.8121847257367838
2023-11-20,10000.0,1.8261343481765717
2023-11-21,10000.0,1.8221545277545137
2023-11-22,10000.0,1.8291895855880986
2023-11-24,10000.0,1.8303152859708038
2023-11-27,10000.0,1.8270189355359967
2023-11-28,10000.0,1.8288278527689203
2023-11-29,10000.0,1.827541410370695
2023-11-30,10000.0,1.8347372102198
2023-12-01,10000.0,1.845591473028439
2023-12-04,10000.0,1.8359030328221273
2023-12-05,10000.0,1.835541300002949
2023-12-06,10000.0,1.8281445093501858
2023-12-07,10000.0,1.8420938786529415
2023-12-08,10000.0,1.8500132707089192
2023-12-11,10000.0,1.8572091971265403
2023-12-12,10000.0,1.8656913128053545
2023-12-13,10000.0,1.8914195279272799
2023-12-14,10000.0,1.8974898805307119
2023-12-15,10000.0,1.894365663277879
2023-12-18,10000.0,1.9050214666531828
2023-12-19,10000.0,1.9166056500945023
2023-12-20,10000.0,1.8900467658010351
2023-12-21,10000.0,1.9079681082778468
2023-12-22,10000.0,1.9118026280433558
2023-12-26,10000.0,1.919875041435368
2023-12-27,10000.0,1.923346436128021
2023-12-28,10000.0,1.9240730659792815
2023-12-29,10000.0,1.9185027855831878
2024-01-02,10000.0,1.9077662314945754
2024-01-03,10000.0,1.8921862799981621
2024-01-04,10000.0,1.8860912465340793
2024-01-05,10000.0,1.888674636517371
2024-01-08,10000.0,1.9156371478088647
2024-01-09,10000.0,1.9127308815408552
2024-01-10,10000.0,1.9235483129112922
2024-01-11,10000.0,1.922700556990069
2024-01-12,10000.0,1.9240325640541112
2024-01-16,10000.0,1.9169689017358746
2024-01-17,10000.0,1.9063132249290868
2024-01-18,10000.0,1.9232655588461964
2024-01-19,10000.0,1.9472414328619205
2024-01-22,10000.0,1.9513585801240092
2024-01-23,10000.0,1.9570497334530335
2024-01-24,10000.0,1.9591891210816443
2024-01-25,10000.0,1.9698447978884321
2024-01-26,10000.0,1.9673425383239975
2024-01-29,10000.0,1.9829223632518944
2024-01-30,10000.0,1.9813888591101296
2024-01-31,10000.0,1.9490579442058136
2024-02-01,10000.0,1.9745674489318186
2024-02-02,10000.0,1.9953545557514696
2024-02-05,10000.0,1.9880890166499616
2024-02-06,10000.0,1.9938609206922944
2024-02-07,10000.0,2.0104906314617184
2024-02-08,10000.0,2.0113785096025634
2024-02-09,10000.0,2.0230030684005373
2024-02-12,10000.0,2.0221150636911758
2024-02-13,10000.0,1.9942644211218046
2024-02-14,10000.0,2.0123876403818874
2024-02-15,10000.0,2.026272712878435
2024-02-16,10000.0,2.016182037927775
2024-02-20,10000.0,2.005081852492242
2024-02-21,10000.0,2.0068982372676185
2024-02-22,10000.0,2.04843194898175
2024-02-23,10000.0,2.0498447067591004
2024-02-26,10000.0,2.0423370420861833
2024-02-27,10000.0,2.046131186495038
2024-02-28,10000.0,2.043426923578816
2024-02-29,10000.0,2.0507729602566
2024-03-01,10000.0,2.070026056660421
2024-03-04,10000.0,2.0678062980240504
2024-03-05,10000.0,2.04714006413733
2024-03-06,10000.0,2.0575137462901187
2024-03-07,10000.0,2.0779377280369133
2024-03-08,10000.0,2.065465160180684
2024-03-11,10000.0,2.063689277330478
2024-03-12,10000.0,2.085889141927479
2024-03-13,10000.0,2.0826194974495813
2024-03-14,10000.0,2.0785026033245244
2024-03-15,10000.0,2.0642303577370513
2024-03-18,10000.0,2.0764981377341374
2024-03-19,10000.0,2.088038022194802
2024-03-20,10000.0,2.1073507323697336
2024-03-21,10000.0,2.11431491183427
2024-03-22,10000.0,2.1103063603590444
2024-03-25,10000.0,2.1044761082307635
2024-03-26,10000.0,2.100589062531049
2024-03-27,10000.0,2.118242206322123
2024-03-28,10000.0,2.1178373136389346
2024-04-01,10000.0,2.11415252442804
2024-04-02,10000.0,2.1007106948750764
2024-04-03,10000.0,2.1030182920616607
2024-04-04,10000.0,2.0773486781627164
2024-04-05,10000.0,2.0990504956486378
2024-04-08,10000.0,2.100224418635999
2024-04-09,10000.0,2.1026542810091917
2024-04-10,10000.0,2.081599861483416
2024-04-11,10000.0,2.0973095457088906
2024-04-12,10000.0,2.0683601618507557
2024-04-15,10000.0,2.042447536400789
2024-04-16,10000.0,2.0387226249702723
2024-04-17,10000.0,2.0266569748934895
2024-04-18,10000.0,2.0224866688546146
2024-04-19,10000.0,2.0048335250635407
2024-04-22,10000.0,2.0232963276524742
2024-04-23,10000.0,2.0473062485990448
2024-04-24,10000.0,2.046334455531987
2024-04-25,10000.0,2.0385607438381066
2024-04-26,10000.0,2.057873707150071
2024-04-29,10000.0,2.065161395741906
2024-04-30,10000.0,2.0324468516651164
2024-05-01,10000.0,2.0258473160956294
2024-05-02,10000.0,2.0447956355125436
2024-05-03,10000.0,2.0701417402841895
2024-05-06,10000.0,2.09151979550578
2024-05-07,10000.0,2.0938276458293967
2024-05-08,10000.0,2.0940297757497
2024-05-09,10000.0,2.106095425826483
2024-05-10,10000.0,2.10880842197032
2024-05-13,10000.0,2.109091935446513
2024-05-14,10000.0,2.1187683516437894
2024-05-15,10000.0,2.1450052456321522
2024-05-16,10000.0,2.140591548336706
2024-05-17,10000.0,2.1436686821015285
2024-05-20,10000.0,2.146138793262859
2024-05-21,10000.0,2.151402271575787
2024-05-22,10000.0,2.1452072489839398
2024-05-23,10000.0,2.1295385729577
2024-05-24,10000.0,2.143628686450423
2024-05-28,10000.0,2.1451264982706313
2024-05-29,10000.0,2.130105093636021
2024-05-30,10000.0,2.1159747313551605
2024-05-31,10000.0,2.1352473193104697
2024-06-03,10000.0,2.136988395818733
2024-06-04,10000.0,2.1393769968556584
2024-06-05,10000.0,2.164803852340613
2024-06-06,10000.0,2.1647638566895067
2024-06-07,10000.0,2.162131990964527
2024-06-10,10000.0,2.1688120241102897
2024-06-11,10000.0,2.1740352536350795
2024-06-12,10000.0,2.1918912867575537
2024-06-13,10000.0,2.196304477778935
2024-06-14,10000.0,2.1976402818984617
2024-06-17,10000.0,2.215131291420338
2024-06-18,10000.0,2.220759033922767
2024-06-20,10000.0,2.2147267784426985
2024-06-21,10000.0,2.21175722791661
2024-06-24,10000.0,2.2045676299247967
2024-06-25,10000.0,2.2130570865775483
2024-06-26,10000.0,2.2158193178741703
2024-06-27,10000.0,2.2193126089201187
2024-06-28,10000.0,2.2105791281682157
2024-07-01,10000.0,2.2151285069129827
2024-07-02,10000.0,2.230036253020083
2024-07-03,10000.0,2.2399878291714863
2024-07-05,10000.0,2.252904399382396
2024-07-08,10000.0,2.255504116704272
2024-07-09,10000.0,2.2576975490892828
2024-07-10,10000.0,2.280038157876251
2024-07-11,10000.0,2.2603782702614996
2024-07-12,10000.0,2.274635960469615
2024-07-15,10000.0,2.2808914828121853
2024-07-16,10000.0,2.2944171007228453
2024-07-17,10000.0,2.2622469278340493
2024-07-18,10000.0,2.2448619827287133
2024-07-19,10000.0,2.2299544897586454
2024-07-22,10000.0,2.2529454075816315
2024-07-23,10000.0,2.2494113614734803
2024-07-24,10000.0,2.198434119631802
2024-07-25,10000.0,2.186979668919544
2024-07-26,10000.0,2.211472701892288
2024-07-29,10000.0,2.212772560553226
2024-07-30,10000.0,2.201561627666055
2024-07-31,10000.0,2.2373473567874074
2024-08-01,10000.0,2.2056647258228503
2024-08-02,10000.0,2.1645983050703728
2024-08-05,10000.0,2.1015574382481703
2024-08-06,10000.0,2.1209327998385996
2024-08-07,10000.0,2.10675661975489
2024-08-08,10000.0,2.155459298792701
2024-08-09,10000.0,2.1649638349450355
2024-08-12,10000.0,2.1661014327682597
2024-08-13,10000.0,2.201723888503769
2024-08-14,10000.0,2.2086699686704954
2024-08-15,10000.0,2.2465273712643143
2024-08-16,10000.0,2.2515642919333203
2024-08-19,10000.0,2.2730918245724925
2024-08-20,10000.0,2.26939577076366
2024-08-21,10000.0,2.2771949227292883
2024-08-22,10000.0,2.2593224356997132
2024-08-23,10000.0,2.2833281798852503
2024-08-26,10000.0,2.2778852274164114
2024-08-27,10000.0,2.281013241724729
2024-08-28,10000.0,2.2677708841532294
2024-08-29,10000.0,2.2679741531901785
2024-08-30,10000.0,2.2896242041529913
2024-09-03,10000.0,2.242506289505989
2024-09-04,10000.0,2.2379159025619875
2024-09-05,10000.0,2.232472950093148
2024-09-06,10000.0,2.1949003266606835
2024-09-09,10000.0,2.219474869757833
2024-09-10,10000.0,2.229141919884914
2024-09-11,10000.0,2.2520105725212916
2024-09-12,10000.0,2.270979902311888
2024-09-13,10000.0,2.282840891098044
2024-09-16,10000.0,2.2862121700944162
2024-09-17,10000.0,2.2871464988806913
2024-09-18,10000.0,2.2803631858257436
2024-09-19,10000.0,2.3192761698443167
2024-09-20,10000.0,2.3152672386635427
2024-09-23,10000.0,2.3210526855371043
2024-09-24,10000.0,2.327693735579891
2024-09-25,10000.0,2.3225601165645404
2024-09-26,10000.0,2.3317684823890668
2024-09-27,10000.0,2.328386318500305
2024-09-30,10000.0,2.337716949511439
2024-10-01,10000.0,2.3167746696909792
2024-10-02,10000.0,2.3177525380468125
2024-10-03,10000.0,2.31351527726289
2024-10-04,10000.0,2.334538814070723
2024-10-07,10000.0,2.3134335140014524
2024-10-08,10000.0,2.3353129071155427
2024-10-09,10000.0,2.351488363480477
2024-10-10,10000.0,2.347373114746131
2024-10-11,10000.0,2.361429814150588
2024-10-14,10000.0,2.3807423977570035
2024-10-15,10000.0,2.3622449153946423
2024-10-16,10000.0,2.3725121534253426
2024-10-17,10000.0,2.372715928736356
2024-10-18,10000.0,2.3818425312994447
2024-10-21,10000.0,2.3779313110131444
2024-10-22,10000.0,2.376668157221892
2024-10-23,10000.0,2.354951278082548
2024-10-24,10000.0,2.3600443951727272
2024-10-25,10000.0,2.359229547065705
2024-10-28,10000.0,2.3665231843778
2024-10-29,10000.0,2.3703526414026626
2024-10-30,10000.0,2.363182028688273
2024-10-31,10000.0,2.316856179815385
2024-11-01,10000.0,2.326634357099652
2024-11-04,10000.0,2.32162300327091
2024-11-05,10000.0,2.3496953938805896
2024-11-06,10000.0,2.4081222054462685
2024-11-07,10000.0,2.4267419529952377
2024-11-08,10000.0,2.4372539745361865
2024-11-11,10000.0,2.43957675994471
2024-11-12,10000.0,2.4319983434712604
2024-11-13,10000.0,2.433179734001075
2024-11-14,10000.0,2.417534093444776
2024-11-15,10000.0,2.3865688528297997
2024-11-18,10000.0,2.3963472832510995
2024-11-19,10000.0,2.4051070902543636
2024-11-20,10000.0,2.4059219383613857
2024-11-21,10000.0,2.418838002298231
2024-11-22,10000.0,2.426334908647275
2024-11-25,10000.0,2.4345651529789354
2024-11-26,10000.0,2.447277188467735
2024-11-27,10000.0,2.4398617922430965
2024-11-29,10000.0,2.4550181189159304
2024-12-02,10000.0,2.4594189062227283
2024-12-03,10000.0,2.460559288553308
2024-12-04,10000.0,2.4758381335497823
2024-12-05,10000.0,2.471764146151703
2024-12-06,10000.0,2.476449965756888
2024-12-09,10000.0,2.4636969220688534
2024-12-10,10000.0,2.4560367423339664
2024-12-11,10000.0,2.4750237917168247
2024-12-12,10000.0,2.4622710011658224
2024-12-13,10000.0,2.4617819404193897
2024-12-16,10000.0,2.472293455686274
2024-12-17,10000.0,2.4621077277799794
2024-12-18,10000.0,2.3887283648524797
2024-12-19,10000.0,2.3879947737328306
2024-12-20,10000.0,2.416676971453357
2024-12-23,10000.0,2.431148815590811
2024-12-24,10000.0,2.458170687516383
2024-12-26,10000.0,2.4583349734503552
2024-12-27,10000.0,2.4324567746367833
2024-12-30,10000.0,2.4046985270842067
2024-12-31,10000.0,2.395950111247397
2025-01-02,10000.0,2.3900634095609097
2025-01-03,10000.0,2.419947248773836
2025-01-06,10000.0,2.433887505143428
2025-01-07,10000.0,2.406374547375165
2025-01-08,10000.0,2.409890873891054
2025-01-10,10000.0,2.3730976593810875
2025-01-13,10000.0,2.37677725928282
2025-01-14,10000.0,2.3800475366032985
2025-01-15,10000.0,2.423340803829052
2025-01-16,10000.0,2.4186800447900665
2025-01-17,10000.0,2.442963733437086
2025-01-21,10000.0,2.465325099460704
2025-01-22,10000.0,2.479183845705891
2025-01-23,10000.0,2.4927152857682944
2025-01-24,10000.0,2.485438355500332
2025-01-27,10000.0,2.4502811656302184
2025-01-28,10000.0,2.471334825744897
2025-01-29,10000.0,2.4602560303885945
2025-01-30,10000.0,2.4734601642682144
2025-01-31,10000.0,2.4602967854507973
2025-02-03,10000.0,2.443740104715196
2025-02-04,10000.0,2.4601332589279217
2025-02-05,10000.0,2.470108123686298
2025-02-06,10000.0,2.4786932661372645
2025-02-07,10000.0,2.4560045939308623
2025-02-10,10000.0,2.4726837929901038
2025-02-11,10000.0,2.474564348003173
2025-02-12,10000.0,2.4665925565815057
2025-02-13,10000.0,2.4926335225068565
2025-02-14,10000.0,2.492511004183216
2025-02-18,10000.0,2.4998286895133806
2025-02-19,10000.0,2.5057156443369006
2025-02-20,10000.0,2.4952909550721003
2025-02-21,10000.0,2.4526112920126786
2025-02-24,10000.0,2.4414507333949382
2025-02-25,10000.0,2.429309015639945
2025-02-26,10000.0,2.430535464561512
2025-02-27,10000.0,2.391739429851868
2025-02-28,10000.0,2.429063725855632
2025-03-03,10000.0,2.3865068342568825
2025-03-04,10000.0,2.35825800713568
2025-03-05,10000.0,2.3836041119073257
2025-03-06,10000.0,2.3412922569558576
2025-03-07,10000.0,2.3544151338481045
2025-03-10,10000.0,2.29170372487346
2025-03-11,10000.0,2.2726531380954906
2025-03-12,10000.0,2.2847133457260784
2025-03-13,10000.0,2.2542566574090235
2025-03-14,10000.0,2.300820455092288
2025-03-17,10000.0,2.318562829687253
2025-03-18,10000.0,2.2935027697621235
2025-03-19,10000.0,2.3184810664258153
2025-03-20,10000.0,2.31177673212495
2025-03-21,10000.0,2.312539180866283
2025-03-24,10000.0,2.353953411901162
2025-03-25,10000.0,2.3596115308474688
2025-03-26,10000.0,2.3314419356173803
2025-03-27,10000.0,2.325250203806953
2025-03-28,10000.0,2.278423903021178
2025-03-31,10000.0,2.2937184425136556
2025-04-01,10000.0,2.300196978581696
2025-04-02,10000.0,2.3147536236249753
2025-04-03,10000.0,2.2006807107935984
2025-04-04,10000.0,2.071846111922767
2025-04-07,10000.0,2.068155753697161
2025-04-08,10000.0,2.035762820219928
2025-04-09,10000.0,2.2495571684040936
2025-04-10,10000.0,2.150983582924338
2025-04-11,10000.0,2.1893629540787907
2025-04-14,10000.0,2.2106031761862854
2025-04-15,10000.0,2.204411697512891
2025-04-16,10000.0,2.1554117090306257
2025-04-17,10000.0,2.158487323973254
2025-04-21,10000.0,2.107109492777937
2025-04-22,10000.0,2.1619317595719654
2025-04-23,10000.0,2.195431914428545
2025-04-24,10000.0,2.2416435984998593
2025-04-25,10000.0,2.257840065238476
2025-04-28,10000.0,2.2587009842853796
2025-04-29,10000.0,2.2729293105977466
2025-04-30,10000.0,2.273831237843885
2025-05-01,10000.0,2.289945941321064
2025-05-02,10000.0,2.323938194568464
2025-05-05,10000.0,2.310611795502236
2025-05-06,10000.0,2.291298958758788
2025-05-07,10000.0,2.3009351261679267
2025-05-08,10000.0,2.3169678132466354
2025-05-09,10000.0,2.314015222901712
2025-05-12,10000.0,2.39048766722707
2025-05-13,10000.0,2.4062743051103683
2025-05-14,10000.0,2.409349413778932
2025-05-15,10000.0,2.4211175012742285
2025-05-16,10000.0,2.436452795828909
2025-05-19,10000.0,2.439118075642155
2025-05-20,10000.0,2.430917448343275
2025-05-21,10000.0,2.389954560637014
2025-05-22,10000.0,2.39089774921942
2025-05-23,10000.0,2.374577751609034
2025-05-27,10000.0,2.4239468138844145
2025-05-28,10000.0,2.4099235285682226
2025-05-29,10000.0,2.419436418242624
2025-05-30,10000.0,2.4167301302301434
2025-06-02,10000.0,2.4303433335539846
2025-06-03,10000.0,2.444202586073236
2025-06-04,10000.0,2.4435467080225073
2025-06-05,10000.0,2.431737612327976
2025-06-06,10000.0,2.456708821154763
2025-06-09,10000.0,2.4589230107764233
2025-06-10,10000.0,2.472864532831177
2025-06-11,10000.0,2.465811881973846
2025-06-12,10000.0,2.4756115759058606
2025-06-13,10000.0,2.4479340790665924
2025-06-16,10000.0,2.471224204861775
2025-06-17,10000.0,2.45010751362605
2025-06-18,10000.0,2.4497381866959023
2025-06-20,10000.0,2.4439851413624774
2025-06-23,10000.0,2.4681250481751413
2025-06-24,10000.0,2.495391197336897
2025-06-25,10000.0,2.4967892731663732
2025-06-26,10000.0,2.5163241110871617
2025-06-27,10000.0,2.5288260428391394
2025-06-30,10000.0,2.540916626913605
2025-07-01,10000.0,2.540094437832646
2025-07-02,10000.0,2.5516093882956272
2025-07-03,10000.0,2.5717198598279
2025-07-07,10000.0,2.5525551082483564
2025-07-08,10000.0,2.55115703241888
2025-07-09,10000.0,2.566455368966843
2025-07-10,10000.0,2.5736933161318283
2025-07-11,10000.0,2.5646459454598545
2025-07-14,10000.0,2.569539843705602
2025-07-15,10000.0,2.5585595186548704
2025-07-16,10000.0,2.5671132721138297
2025-07-17,10000.0,2.5828232094763366
2025-07-18,10000.0,2.580931516433846
2025-07-21,10000.0,2.5858254146795936
2025-07-22,10000.0,2.586195501020838
2025-07-23,10000.0,2.608197412458569
2025-07-24,10000.0,2.6090611160128283
2025-07-25,10000.0,2.6200824492627954
2025-07-28,10000.0,2.6194247992528408
2025-07-29,10000.0,2.6125156770928326
2025-07-30,10000.0,2.6092256550838333
2025-07-31,10000.0,2.5994378585923377
2025-08-01,10000.0,2.556832111546352
2025-08-04,10000.0,2.5956952275695593
2025-08-05,10000.0,2.5825353926705943
2025-08-06,10000.0,2.6023167860608574
2025-08-07,10000.0,2.6001370230755922
2025-08-08,10000.0,2.620411780541837
2025-08-11,10000.0,2.615229812353315
2025-08-12,10000.0,2.643071595126555
2025-08-13,10000.0,2.652119218935561
2025-08-14,10000.0,2.6523660275420684
2025-08-15,10000.0,2.646156069865315
2025-08-18,10000.0,2.64558043625383
2025-08-19,10000.0,2.6312275665215643
2025-08-20,10000.0,2.624236174826054
2025-08-21,10000.0,2.613708205652069
2025-08-22,10000.0,2.653846372907047
2025-08-25,10000.0,2.6421666302360287
2025-08-26,10000.0,2.6532294779592953
2025-08-27,10000.0,2.6592748965650443
2025-08-28,10000.0,2.668692606715295
2025-08-29,10000.0,2.6527771220825485
2025-09-02,10000.0,2.633119259564055
2025-09-03,10000.0,2.6473896066237863
2025-09-04,10000.0,2.669515302070319
2025-09-05,10000.0,2.6617832314182546
2025-09-08,10000.0,2.6683227735110826
2025-09-09,10000.0,2.674491216714537
2025-09-10,10000.0,2.6822227810925368
2025-09-11,10000.0,2.70451250933601
2025-09-12,10000.0,2.7036075444454837
2025-09-15,10000.0,2.718001675514017
2025-09-16,10000.0,2.7142592976282707
2025-09-17,10000.0,2.7108870060837686
2025-09-18,10000.0,2.7235534769067513
2025-09-19,10000.0,2.7370428962217908
2025-09-22,10000.0,2.749991867972837
2025-09-23,10000.0,2.7350223564298517
2025-09-24,10000.0,2.726320517806988
2025-09-25,10000.0,2.7137426449453153
2025-09-26,10000.0,2.7292900683330763
2025-09-29,10000.0,2.736960373549256
2025-09-30,10000.0,2.747270138601385
2025-10-01,10000.0,2.7566316523304617
2025-10-02,10000.0,2.7598064969897576
2025-10-03,10000.0,2.7597657419275547
2025-10-06,10000.0,2.7696628936170105
2025-10-07,10000.0,2.7593943899011486
2025-10-08,10000.0,2.7758488032756943
2025-10-09,10000.0,2.7678071460331086
2025-10-10,10000.0,2.6929993308322553
2025-10-13,10000.0,2.734320913713306
2025-10-14,10000.0,2.7309805174348765
2025-10-15,10000.0,2.7431050218716724
2025-10-16,10000.0,2.724423762023851
2025-10-17,10000.0,2.7398884096020444
2025-10-20,10000.0,2.7683845516038192
2025-10-21,10000.0,2.7683430371305198
2025-10-22,10000.0,2.753950931158245
2025-10-23,10000.0,2.7702815605239888
2025-10-24,10000.0,2.7929218835572183
2025-10-27,10000.0,2.8258719716425773
2025-10-28,10000.0,2.8333774846507196
2025-10-29,10000.0,2.8347383493364458
2025-10-30,10000.0,2.803561486162454
2025-10-31,10000.0,2.8127579545464614
2025-11-03,10000.0,2.818036621081328
2025-11-04,10000.0,2.7846329114340604
2025-11-05,10000.0,2.7942827482429444
2025-11-06,10000.0,2.7643019575466417
2025-11-07,10000.0,2.767023433781061
2025-11-10,10000.0,2.810201270520079
2025-11-11,10000.0,2.8166342419223023
2025-11-12,10000.0,2.818201413289365
2025-11-13,10000.0,2.771436118528378
2025-11-14,10000.0,2.7709827501035016
2025-11-17,10000.0,2.7451668229998787
2025-11-18,10000.0,2.7221143928780402
2025-11-19,10000.0,2.732630464611506
2025-11-20,10000.0,2.690978791040316
2025-11-21,10000.0,2.7177842308032583
2025-11-24,10000.0,2.7577859571978185
2025-11-25,10000.0,2.783725415173211
2025-11-26,10000.0,2.8029430723925084
2025-11-28,10000.0,2.8182426746256324
2025-12-01,10000.0,2.805376225547121
2025-12-02,10000.0,2.810572369409453
2025-12-03,10000.0,2.8203047288908714
2025-12-04,10000.0,2.8223665300190777
2025-12-05,10000.0,2.827727719226479
2025-12-08,10000.0,2.8192324404219846
2025-12-09,10000.0,2.8167990341303395
2025-12-10,10000.0,2.835480800252226
2025-12-11,10000.0,2.8420788169995186
2025-12-12,10000.0,2.811520620732505
2025-12-15,10000.0,2.8072729813302577
2025-12-16,10000.0,2.799602676114078
2025-12-17,10000.0,2.7687969118294604
2025-12-18,10000.0,2.789705018150558
2025-12-19,10000.0,2.814989357486319
2025-12-22,10000.0,2.832526437948076
2025-12-23,10000.0,2.845472372054735
2025-12-24,10000.0,2.8554816634495057
2025-12-26,10000.0,2.8551920746845374
2025-12-29,10000.0,2.8450172316706324
2025-12-30,10000.0,2.84154317903914
2025-12-31,10000.0,2.820490278335558
2026-01-02,10000.0,2.8256603490835617
2026-01-05,10000.0,2.844479568613995
2026-01-06,10000.0,2.861396210209548
2026-01-07,10000.0,2.852172909300115
2026-01-08,10000.0,2.851883320535147
2026-01-09,10000.0,2.8707438014018476
2026-01-12,10000.0,2.8752521719473796
2026-01-13,10000.0,2.869503176806471
2026-01-14,10000.0,2.855398887639939
2026-01-15,10000.0,2.863174750998594
2026-01-16,10000.0,2.8607757713433437
2026-01-20,10000.0,2.8025395719629977
2026-01-21,10000.0,2.834883903130027
2026-01-22,10000.0,2.8496911538352983
2026-01-23,10000.0,2.850724965475273
2026-01-26,10000.0,2.8652013660793085
2026-01-27,10000.0,2.8766170868256222
2026-01-28,10000.0,2.876327498060654
2026-01-29,10000.0,2.870619764256013
2026-01-30,10000.0,2.8620579104120196
2026-02-02,10000.0,2.8762862367243867
2026-02-03,10000.0,2.851966096344714
2026-02-04,10000.0,2.83815139594315
2026-02-05,10000.0,2.802705123582132
2026-02-06,10000.0,2.8564742137532133
2026-02-09,10000.0,2.87024765281851
2026-02-10,10000.0,2.862678349278224
2026-02-11,10000.0,2.8620169022127846
2026-02-12,10000.0,2.817801963052372
2026-02-13,10000.0,2.819787063659787
2026-02-17,10000.0,2.824336695541586
2026-02-18,10000.0,2.838565021853953
2026-02-19,10000.0,2.831078494123234
2026-02-20,10000.0,2.8515524704339112
2026-02-23,10000.0,2.8224343707437383
2026-02-24,10000.0,2.8429491021166178
2026-02-25,10000.0,2.8669388986691193
2026-02-26,10000.0,2.8510145542402414
2026-02-27,10000.0,2.837324144121544
2026-03-02,10000.0,2.8389373864284884
2026-03-03,10000.0,2.813914031373044
2026-03-04,10000.0,2.8337670625434526
2026-03-05,10000.0,2.8179672615344735
2026-03-06,10000.0,2.781031784012346
2026-03-09,10000.0,2.8053936920023506
2026-03-10,10000.0,2.8008850683197863
2026-03-11,10000.0,2.7973695012149946
2026-03-12,10000.0,2.7548915883703278
2026-03-13,10000.0,2.7392986003167503
2026-03-16,10000.0,2.767176075411547
2026-03-17,10000.0,2.7744552839128
2026-03-18,10000.0,2.7357415187386587
2026-03-19,10000.0,2.728999720157011
2026-03-20,10000.0,2.689877391812713
2026-03-23,10000.0,2.7181211561932694
2026-03-24,10000.0,2.708996831863472
2026-03-25,10000.0,2.72409341819668
2026-03-26,10000.0,2.6754445307782357
2026-03-27,10000.0,2.62982316226628
2026-03-30,10000.0,2.6210304474488155
2026-03-31,10000.0,2.6972183657498507
2026-04-01,10000.0,2.717540459841139
2026-04-02,10000.0,2.7199875355325287
2026-04-06,10000.0,2.7328443654038126
2026-04-07,10000.0,2.7340470194443416
2026-04-08,10000.0,2.803681979389836
2026-04-09,10000.0,2.8198566763436737
2026-04-10,10000.0,2.8179905501414466
