ticker,year,predictions,actionable,actionable_rate,avg_confidence,avg_threshold,avg_expected_return
AAPL,2017,55,30,0.5455,75.4,78.32,-0.0267
AAPL,2018,251,217,0.8645,67.69,64.12,0.2437
AAPL,2019,252,230,0.9127,67.96,61.99,0.3327
AAPL,2020,253,101,0.3992,60.63,60.51,0.3268
AAPL,2021,252,252,1.0,70.17,67.17,0.1007
AAPL,2022,251,132,0.5259,63.43,63.42,0.4392
AAPL,2023,250,127,0.508,60.3,58.54,0.5613
AAPL,2024,252,36,0.1429,54.16,61.01,0.5058
AAPL,2025,200,39,0.195,58.49,61.98,0.3614
AMD,2017,55,3,0.0545,54.49,80.0,0.4714
AMD,2018,251,185,0.7371,65.4,66.2,0.3382
AMD,2019,252,249,0.9881,63.78,61.75,0.3794
AMD,2020,253,156,0.6166,63.8,65.82,0.5463
AMD,2021,252,143,0.5675,64.95,62.02,0.4625
AMD,2022,251,90,0.3586,58.79,64.82,0.5281
AMD,2023,250,142,0.568,56.97,60.37,0.5777
AMD,2024,252,9,0.0357,53.66,68.37,0.5563
AMD,2025,200,0,0.0,52.66,57.5,0.5023
AMZN,2017,55,55,1.0,71.24,71.11,0.3239
AMZN,2018,251,176,0.7012,70.18,68.74,0.6248
AMZN,2019,252,233,0.9246,72.11,64.09,0.7013
AMZN,2020,253,88,0.3478,56.72,60.04,0.9078
AMZN,2021,252,74,0.2937,56.79,59.82,0.68
AMZN,2022,251,170,0.6773,66.1,64.44,0.8542
AMZN,2023,250,74,0.296,58.55,64.41,0.6235
AMZN,2024,252,50,0.1984,58.23,62.41,0.447
AMZN,2025,200,10,0.05,57.52,76.83,0.403
BAC,2020,56,37,0.6607,59.79,57.5,0.1255
BAC,2021,252,172,0.6825,66.34,61.06,0.1542
BAC,2022,251,172,0.6853,67.86,62.36,0.2715
BAC,2023,250,110,0.44,60.71,58.21,0.3498
BAC,2024,252,68,0.2698,59.13,61.48,0.2361
BAC,2025,199,51,0.2563,59.94,59.3,0.0573
BTC-USD,2016,31,19,0.6129,58.28,63.51,1.0501
BTC-USD,2017,365,220,0.6027,62.17,62.02,-0.1086
BTC-USD,2018,365,289,0.7918,74.64,64.08,0.8801
BTC-USD,2019,365,11,0.0301,53.54,63.16,0.8278
BTC-USD,2020,366,15,0.041,54.65,57.88,0.5248
BTC-USD,2021,365,45,0.1233,55.47,63.28,0.435
BTC-USD,2022,365,258,0.7068,63.02,62.23,0.3604
BTC-USD,2023,365,98,0.2685,58.37,66.46,0.4444
BTC-USD,2024,366,49,0.1339,55.36,62.97,0.4431
BTC-USD,2025,365,48,0.1315,54.95,62.18,0.3321
BTC-USD,2026,84,18,0.2143,54.93,62.59,0.3895
CAT,2017,55,17,0.3091,62.97,60.0,0.0844
CAT,2018,251,225,0.8964,70.87,67.53,0.1375
CAT,2019,252,73,0.2897,58.33,62.71,0.3331
CAT,2020,253,121,0.4783,57.33,59.51,0.3944
CAT,2021,252,90,0.3571,55.21,58.4,0.1837
CAT,2022,251,241,0.9602,63.84,60.69,0.2282
CAT,2023,250,134,0.536,58.32,59.39,0.2837
CAT,2024,252,41,0.1627,53.92,58.39,0.2772
CAT,2025,200,13,0.065,54.68,68.7,0.2394
GOOGL,2017,55,43,0.7818,66.8,66.67,0.2549
GOOGL,2018,251,219,0.8725,70.38,62.48,0.4493
GOOGL,2019,252,190,0.754,69.07,61.59,0.4946
GOOGL,2020,253,146,0.5771,60.25,60.69,0.4128
GOOGL,2021,252,216,0.8571,62.85,59.69,0.2213
GOOGL,2022,251,153,0.6096,63.95,63.12,0.4329
GOOGL,2023,250,138,0.552,59.92,58.85,0.3197
GOOGL,2024,252,4,0.0159,53.9,63.86,0.3687
GOOGL,2025,200,34,0.17,57.23,60.51,0.2236
GS,2017,55,50,0.9091,71.89,60.0,0.0584
GS,2018,251,146,0.5817,61.02,60.26,0.0354
GS,2019,252,96,0.381,59.79,60.07,0.2066
GS,2020,253,82,0.3241,60.56,63.87,0.1309
GS,2021,252,114,0.4524,62.17,71.34,0.1217
GS,2022,251,151,0.6016,61.95,64.29,0.1309
GS,2023,250,181,0.724,66.47,64.66,0.1326
GS,2024,252,22,0.0873,52.68,57.5,0.1906
GS,2025,200,0,0.0,54.0,57.5,0.1916
INTC,2017,55,23,0.4182,58.68,60.0,0.0221
INTC,2018,251,135,0.5378,64.98,61.77,0.1379
INTC,2019,252,155,0.6151,67.66,66.72,0.1401
INTC,2020,253,181,0.7154,60.3,58.74,0.2962
INTC,2021,252,190,0.754,63.35,60.46,0.219
INTC,2022,251,234,0.9323,65.75,63.78,0.7041
INTC,2023,250,107,0.428,63.58,66.97,0.3016
INTC,2024,252,29,0.1151,57.36,62.28,0.3481
INTC,2025,200,47,0.235,55.14,59.69,0.3487
JNJ,2017,55,26,0.4727,61.13,60.0,0.0863
JNJ,2018,251,193,0.7689,69.11,61.55,0.2314
JNJ,2019,252,102,0.4048,55.87,58.93,0.2896
JNJ,2020,253,212,0.8379,62.94,59.17,0.2432
JNJ,2021,252,243,0.9643,60.6,60.82,0.219
JNJ,2022,251,182,0.7251,59.42,59.97,0.247
JNJ,2023,250,158,0.632,62.12,59.71,0.2488
JNJ,2024,252,91,0.3611,58.62,63.26,0.2659
JNJ,2025,200,21,0.105,61.45,71.17,0.25
META,2017,55,38,0.6909,66.32,61.9,0.2266
META,2018,251,223,0.8884,70.56,60.57,0.5277
META,2019,252,227,0.9008,63.92,59.98,0.5476
META,2020,253,145,0.5731,61.84,60.23,0.4772
META,2021,252,191,0.7579,61.99,60.63,0.3958
META,2022,251,161,0.6414,60.78,60.26,0.7231
META,2023,250,69,0.276,57.73,64.18,0.1619
META,2024,252,47,0.1865,59.6,61.44,0.3921
META,2025,200,19,0.095,55.1,66.79,0.2823
MSFT,2017,55,34,0.6182,70.75,77.14,-0.3136
MSFT,2018,251,236,0.9402,75.46,64.64,0.325
MSFT,2019,252,187,0.7421,72.5,67.57,0.4202
MSFT,2020,253,244,0.9644,62.07,61.53,0.5004
MSFT,2021,252,200,0.7937,67.56,66.16,0.4934
MSFT,2022,251,238,0.9482,66.33,58.53,0.7664
MSFT,2023,250,194,0.776,59.18,58.54,0.5446
MSFT,2024,252,15,0.0595,56.37,65.07,0.5729
MSFT,2025,200,62,0.31,59.85,69.6,0.6602
MU,2017,55,49,0.8909,67.93,65.79,0.2506
MU,2018,251,116,0.4622,66.06,74.36,-0.1622
MU,2019,252,138,0.5476,65.16,65.29,0.1356
MU,2020,253,64,0.253,57.62,64.73,0.1995
MU,2021,252,90,0.3571,62.33,66.25,0.1043
MU,2022,251,139,0.5538,63.71,64.78,0.2011
MU,2023,250,112,0.448,64.23,65.61,0.1919
MU,2024,252,56,0.2222,56.93,58.37,0.2762
MU,2025,200,30,0.15,54.59,57.5,0.2524
NVDA,2017,55,25,0.4545,60.92,61.54,0.9942
NVDA,2018,251,204,0.8127,76.03,67.89,1.0108
NVDA,2019,252,206,0.8175,65.85,61.36,1.1043
NVDA,2020,253,43,0.17,55.01,61.3,1.1057
NVDA,2021,252,211,0.8373,66.21,59.93,0.9712
NVDA,2022,251,194,0.7729,63.98,60.85,0.9683
NVDA,2023,250,62,0.248,57.29,73.21,0.8223
NVDA,2024,252,41,0.1627,54.01,62.1,0.6598
NVDA,2025,200,138,0.69,62.47,58.47,0.3749
TSLA,2017,55,35,0.6364,67.9,72.73,0.0462
TSLA,2018,251,158,0.6295,66.04,68.34,0.2951
TSLA,2019,252,10,0.0397,52.31,64.63,0.4071
TSLA,2020,253,60,0.2372,58.47,67.26,0.3502
TSLA,2021,252,182,0.7222,63.9,65.59,0.2246
TSLA,2022,251,199,0.7928,62.67,62.07,0.3627
TSLA,2023,250,72,0.288,56.69,62.25,0.4578
TSLA,2024,252,18,0.0714,56.26,65.71,0.4564
TSLA,2025,200,39,0.195,59.56,60.94,0.333
UNH,2017,55,2,0.0364,53.41,60.93,0.1983
UNH,2018,251,195,0.7769,74.81,62.37,0.3483
UNH,2019,252,153,0.6071,67.37,62.17,0.4983
UNH,2020,253,93,0.3676,60.54,68.33,0.5278
UNH,2021,252,195,0.7738,63.66,61.9,0.403
UNH,2022,251,119,0.4741,58.89,61.52,0.4514
UNH,2023,250,71,0.284,58.31,58.06,0.4603
UNH,2024,252,88,0.3492,55.86,59.31,0.3838
UNH,2025,200,25,0.125,52.86,58.15,0.4439
