date,timestamp,shadow_name,shadow_config_signature,equity,initial_equity,period_return_pct,total_return_pct,price_from_date,price_to_date,price_status,applied_weights_json,target_weights_json,target_cash_weight,gross_exposure,paper_ready,gates_all_pass,reason
2026-05-27,2026-05-27T17:02:08+00:00,riskoff_guard,"h=20,ov=0.5,ma=100,vol=percentile:0.3,score=regime_adaptive_riskoff_guard,shape=top3,weighting=sticky_score,tqqq=0.0,risk=off",100000.0,100000.0,0.0,0.0,,2026-05-26,initialized,{},"{""CAT"": 0.027953, ""INTC"": 0.172047, ""MU"": 0.2, ""QQQ"": 0.6}",0.0,1.0,True,True,nested walk-forward live gates pass
2026-05-28,2026-05-28T17:37:04+00:00,riskoff_guard,"h=20,ov=0.5,ma=100,vol=percentile:0.3,score=regime_adaptive_riskoff_guard,shape=top3,weighting=sticky_score,tqqq=0.0,risk=off",100418.51,100000.0,0.4185,0.4185,2026-05-26,2026-05-27,ok,"{""CAT"": 0.027953, ""INTC"": 0.172047, ""MU"": 0.2, ""QQQ"": 0.6}","{""CAT"": 0.02747, ""INTC"": 0.17253, ""MU"": 0.2, ""QQQ"": 0.6}",0.0,1.0,True,True,nested walk-forward live gates pass
2026-05-29,2026-05-29T17:32:08+00:00,riskoff_guard,"h=20,ov=0.5,ma=100,vol=percentile:0.3,score=regime_adaptive_riskoff_guard,shape=top3,weighting=sticky_score,tqqq=0.0,risk=off",100628.02,100000.0,0.2086,0.628,2026-05-27,2026-05-28,ok,"{""CAT"": 0.02747, ""INTC"": 0.17253, ""MU"": 0.2, ""QQQ"": 0.6}","{""CAT"": 0.026509, ""INTC"": 0.173491, ""MU"": 0.2, ""QQQ"": 0.6}",0.0,1.0,True,True,nested walk-forward live gates pass
2026-06-01,2026-06-01T19:20:07+00:00,riskoff_guard,"h=20,ov=0.5,ma=100,vol=percentile:0.3,score=regime_adaptive_riskoff_guard,shape=top3,weighting=sticky_score,tqqq=0.0,risk=off",100952.89,100000.0,0.3228,0.9529,2026-05-28,2026-05-29,ok,"{""CAT"": 0.026509, ""INTC"": 0.173491, ""MU"": 0.2, ""QQQ"": 0.6}","{""CAT"": 0.034717, ""INTC"": 0.165283, ""MU"": 0.2, ""QQQ"": 0.6}",0.0,1.0,True,True,nested walk-forward live gates pass
2026-06-02,2026-06-02T18:03:37+00:00,riskoff_guard,"h=20,ov=0.5,ma=100,vol=percentile:0.3,score=regime_adaptive_riskoff_guard,shape=top3,weighting=sticky_score,tqqq=0.0,risk=off",101837.04,100000.0,0.8758,1.837,2026-05-29,2026-06-01,ok,"{""CAT"": 0.034717, ""INTC"": 0.165283, ""MU"": 0.2, ""QQQ"": 0.6}","{""CAT"": 0.035235, ""INTC"": 0.164765, ""MU"": 0.2, ""QQQ"": 0.6}",0.0,1.0,True,True,nested walk-forward live gates pass
2026-06-03,2026-06-03T18:20:54+00:00,riskoff_guard,"h=20,ov=0.5,ma=100,vol=percentile:0.3,score=regime_adaptive_riskoff_guard,shape=top3,weighting=sticky_score,tqqq=0.0,risk=off",102650.38,100000.0,0.7987,2.6504,2026-06-01,2026-06-02,ok,"{""CAT"": 0.035235, ""INTC"": 0.164765, ""MU"": 0.2, ""QQQ"": 0.6}","{""CAT"": 0.027688, ""INTC"": 0.172312, ""MU"": 0.2, ""QQQ"": 0.6}",0.0,1.0,True,True,nested walk-forward live gates pass
2026-06-04,2026-06-04T17:25:41+00:00,riskoff_guard,"h=20,ov=0.5,ma=100,vol=percentile:0.3,score=regime_adaptive_riskoff_guard,shape=top3,weighting=sticky_score,tqqq=0.0,risk=off",103622.39,100000.0,0.9469,3.6224,2026-06-02,2026-06-03,ok,"{""CAT"": 0.027688, ""INTC"": 0.172312, ""MU"": 0.2, ""QQQ"": 0.6}","{""CAT"": 0.031277, ""INTC"": 0.168723, ""MU"": 0.2, ""QQQ"": 0.6}",0.0,1.0,True,True,nested walk-forward live gates pass
2026-06-05,2026-06-05T17:06:38+00:00,riskoff_guard,"h=20,ov=0.5,ma=100,vol=percentile:0.3,score=regime_adaptive_riskoff_guard,shape=top3,weighting=sticky_score,tqqq=0.0,risk=off",101623.12,100000.0,-1.9294,1.6231,2026-06-03,2026-06-04,ok,"{""CAT"": 0.031277, ""INTC"": 0.168723, ""MU"": 0.2, ""QQQ"": 0.6}","{""CAT"": 0.030096, ""INTC"": 0.169904, ""MU"": 0.2, ""QQQ"": 0.6}",-0.0,1.0,True,True,nested walk-forward live gates pass
2026-06-08,2026-06-08T17:21:31+00:00,riskoff_guard,"h=20,ov=0.5,ma=100,vol=percentile:0.3,score=regime_adaptive_riskoff_guard,shape=top3,weighting=sticky_score,tqqq=0.0,risk=off",93937.36,100000.0,-7.563,-6.0626,2026-06-04,2026-06-05,ok,"{""CAT"": 0.030096, ""INTC"": 0.169904, ""MU"": 0.2, ""QQQ"": 0.6}","{""CAT"": 0.027703, ""INTC"": 0.174467, ""MU"": 0.197831, ""QQQ"": 0.6}",-0.0,1.0,True,True,nested walk-forward live gates pass
2026-06-09,2026-06-09T16:29:55+00:00,riskoff_guard,"h=20,ov=0.5,ma=100,vol=percentile:0.3,score=regime_adaptive_riskoff_guard,shape=top3,weighting=sticky_score,tqqq=0.0,risk=off",98518.64,100000.0,4.8769,-1.4814,2026-06-05,2026-06-08,ok,"{""CAT"": 0.027703, ""INTC"": 0.174467, ""MU"": 0.197831, ""QQQ"": 0.6}","{""CAT"": 0.168636, ""INTC"": 0.106557, ""MU"": 0.124807, ""QQQ"": 0.6}",-0.0,1.0,True,True,nested walk-forward live gates pass
2026-06-10,2026-06-10T16:57:52+00:00,riskoff_guard,"h=20,ov=0.5,ma=100,vol=percentile:0.3,score=regime_adaptive_riskoff_guard,shape=top3,weighting=sticky_score,tqqq=0.0,risk=off",97424.22,100000.0,-1.1109,-2.5758,2026-06-08,2026-06-09,ok,"{""CAT"": 0.168636, ""INTC"": 0.106557, ""MU"": 0.124807, ""QQQ"": 0.6}","{""AMD"": 0.08071, ""CAT"": 0.019664, ""MU"": 0.149626, ""QQQ"": 0.22, ""SPY"": 0.33}",0.2,0.8,True,True,nested walk-forward live gates pass
2026-06-11,2026-06-11T18:13:52+00:00,riskoff_guard,"h=20,ov=0.5,ma=100,vol=percentile:0.3,score=regime_adaptive_riskoff_guard,shape=top3,weighting=sticky_score,tqqq=0.0,risk=off",95298.95,100000.0,-2.1815,-4.7011,2026-06-09,2026-06-10,ok,"{""AMD"": 0.08071, ""CAT"": 0.019664, ""MU"": 0.149626, ""QQQ"": 0.22, ""SPY"": 0.33}","{""CAT"": 0.044068, ""MU"": 0.176481, ""QQQ"": 0.22, ""SPY"": 0.33, ""TSLA"": 0.029451}",0.2,0.8,True,True,nested walk-forward live gates pass
2026-06-12,2026-06-12T17:26:26+00:00,riskoff_guard,"h=20,ov=0.5,ma=100,vol=percentile:0.3,score=regime_adaptive_riskoff_guard,shape=top3,weighting=sticky_score,tqqq=0.0,risk=off",98835.16,100000.0,3.7107,-1.1648,2026-06-10,2026-06-11,ok,"{""CAT"": 0.044068, ""MU"": 0.176481, ""QQQ"": 0.22, ""SPY"": 0.33, ""TSLA"": 0.029451}","{""CAT"": 0.060124, ""MU"": 0.160425, ""QQQ"": 0.22, ""SPY"": 0.33, ""TSLA"": 0.029451}",0.2,0.8,True,True,nested walk-forward live gates pass
2026-06-15,2026-06-15T18:24:57+00:00,riskoff_guard,"h=20,ov=0.5,ma=100,vol=percentile:0.3,score=regime_adaptive_riskoff_guard,shape=top3,weighting=sticky_score,tqqq=0.0,risk=off",99051.22,100000.0,0.2186,-0.9488,2026-06-11,2026-06-12,ok,"{""CAT"": 0.060124, ""MU"": 0.160425, ""QQQ"": 0.22, ""SPY"": 0.33, ""TSLA"": 0.029451}","{""CAT"": 0.052902, ""MU"": 0.128605, ""QQQ"": 0.22, ""SPY"": 0.33, ""TSLA"": 0.068493}",0.2,0.8,True,True,nested walk-forward live gates pass
2026-06-16,2026-06-16T18:28:50+00:00,riskoff_guard,"h=20,ov=0.5,ma=100,vol=percentile:0.3,score=regime_adaptive_riskoff_guard,shape=top3,weighting=sticky_score,tqqq=0.0,risk=off",100312.17,100000.0,1.273,0.3122,2026-06-12,2026-06-15,ok,"{""CAT"": 0.052902, ""MU"": 0.128605, ""QQQ"": 0.22, ""SPY"": 0.33, ""TSLA"": 0.068493}","{""FCX"": 0.083333, ""META"": 0.162698, ""PLD"": 0.003968, ""QQQ"": 0.22, ""SPY"": 0.33}",0.2,0.8,True,True,nested walk-forward live gates pass
2026-06-17,2026-06-17T17:31:28+00:00,riskoff_guard,"h=20,ov=0.5,ma=100,vol=percentile:0.3,score=regime_adaptive_riskoff_guard,shape=top3,weighting=sticky_score,tqqq=0.0,risk=off",99879.32,100000.0,-0.4315,-0.1207,2026-06-15,2026-06-16,ok,"{""FCX"": 0.083333, ""META"": 0.162698, ""PLD"": 0.003968, ""QQQ"": 0.22, ""SPY"": 0.33}","{""CAT"": 0.101543, ""MU"": 0.078298, ""QQQ"": 0.22, ""SPY"": 0.33, ""TSLA"": 0.070159}",0.2,0.8,True,True,nested walk-forward live gates pass
2026-06-18,2026-06-18T16:55:09+00:00,riskoff_guard,"h=20,ov=0.5,ma=100,vol=percentile:0.3,score=regime_adaptive_riskoff_guard,shape=top3,weighting=sticky_score,tqqq=0.0,risk=off",99387.1,100000.0,-0.4928,-0.6129,2026-06-16,2026-06-17,ok,"{""CAT"": 0.101543, ""MU"": 0.078298, ""QQQ"": 0.22, ""SPY"": 0.33, ""TSLA"": 0.070159}","{""CAT"": 0.100798, ""MU"": 0.077679, ""QQQ"": 0.22, ""SPY"": 0.33, ""TSLA"": 0.071524}",0.2,0.8,True,True,nested walk-forward live gates pass
2026-06-22,2026-06-22T18:13:10+00:00,riskoff_guard,"h=20,ov=0.5,ma=100,vol=percentile:0.3,score=regime_adaptive_riskoff_guard,shape=top3,weighting=sticky_score,tqqq=0.0,risk=off",101250.04,100000.0,1.8744,1.25,2026-06-17,2026-06-18,ok,"{""CAT"": 0.100798, ""MU"": 0.077679, ""QQQ"": 0.22, ""SPY"": 0.33, ""TSLA"": 0.071524}","{""AMD"": 0.083333, ""AMZN"": 0.031893, ""QQQ"": 0.22, ""SPY"": 0.33, ""TSLA"": 0.134774}",0.2,0.8,True,True,nested walk-forward live gates pass
2026-06-23,2026-06-23T16:24:33+00:00,riskoff_guard,"h=20,ov=0.5,ma=100,vol=percentile:0.3,score=regime_adaptive_riskoff_guard,shape=top3,weighting=sticky_score,tqqq=0.0,risk=off",101290.59,100000.0,0.04,1.2906,2026-06-18,2026-06-22,ok,"{""AMD"": 0.083333, ""AMZN"": 0.031893, ""QQQ"": 0.22, ""SPY"": 0.33, ""TSLA"": 0.134774}","{""AMD"": 0.031893, ""QQQ"": 0.22, ""SPY"": 0.33, ""TSLA"": 0.083333, ""WMT"": 0.134774}",0.2,0.8,True,True,nested walk-forward live gates pass
2026-06-24,2026-06-24T16:12:39+00:00,riskoff_guard,"h=20,ov=0.5,ma=100,vol=percentile:0.3,score=regime_adaptive_riskoff_guard,shape=top3,weighting=sticky_score,tqqq=0.0,risk=off",99657.77,100000.0,-1.612,-0.3422,2026-06-22,2026-06-23,ok,"{""AMD"": 0.031893, ""QQQ"": 0.22, ""SPY"": 0.33, ""TSLA"": 0.083333, ""WMT"": 0.134774}","{""AMD"": 0.083333, ""AMZN"": 0.031893, ""QQQ"": 0.22, ""SPY"": 0.33, ""TSLA"": 0.134774}",0.2,0.8,True,True,nested walk-forward live gates pass
2026-06-25,2026-06-25T14:44:32+00:00,riskoff_guard,"h=20,ov=0.5,ma=100,vol=percentile:0.3,score=regime_adaptive_riskoff_guard,shape=top3,weighting=sticky_score,tqqq=0.0,risk=off",99335.86,100000.0,-0.323,-0.6641,2026-06-23,2026-06-24,ok,"{""AMD"": 0.083333, ""AMZN"": 0.031893, ""QQQ"": 0.22, ""SPY"": 0.33, ""TSLA"": 0.134774}","{""AMZN"": 0.031893, ""MU"": 0.134774, ""QQQ"": 0.22, ""SPY"": 0.33, ""TSLA"": 0.083333}",0.2,0.8,True,True,nested walk-forward live gates pass
2026-06-26,2026-06-26T16:53:22+00:00,riskoff_guard,"h=20,ov=0.5,ma=100,vol=percentile:0.3,score=regime_adaptive_riskoff_guard,shape=top3,weighting=sticky_score,tqqq=0.0,risk=off",101560.61,100000.0,2.2396,1.5606,2026-06-24,2026-06-25,ok,"{""AMZN"": 0.031893, ""MU"": 0.134774, ""QQQ"": 0.22, ""SPY"": 0.33, ""TSLA"": 0.083333}","{""AMD"": 0.083333, ""GS"": 0.031893, ""QQQ"": 0.22, ""SPY"": 0.33, ""TSLA"": 0.134774}",0.2,0.8,True,True,nested walk-forward live gates pass
2026-06-29,2026-06-29T16:53:45+00:00,riskoff_guard,"h=20,ov=0.5,ma=100,vol=percentile:0.3,score=regime_adaptive_riskoff_guard,shape=top3,weighting=sticky_score,tqqq=0.0,risk=off",100865.25,100000.0,-0.6847,0.8653,2026-06-25,2026-06-26,ok,"{""AMD"": 0.083333, ""GS"": 0.031893, ""QQQ"": 0.22, ""SPY"": 0.33, ""TSLA"": 0.134774}","{""CAT"": 0.10238, ""QQQ"": 0.22, ""SPY"": 0.33, ""TSLA"": 0.078993, ""WMT"": 0.068627}",0.2,0.8,True,True,nested walk-forward live gates pass
2026-06-30,2026-06-30T16:19:16+00:00,riskoff_guard,"h=20,ov=0.5,ma=100,vol=percentile:0.3,score=regime_adaptive_riskoff_guard,shape=top3,weighting=sticky_score,tqqq=0.0,risk=off",102943.93,100000.0,2.0608,2.9439,2026-06-26,2026-06-29,ok,"{""CAT"": 0.10238, ""QQQ"": 0.22, ""SPY"": 0.33, ""TSLA"": 0.078993, ""WMT"": 0.068627}","{""CAT"": 0.110689, ""GS"": 0.053149, ""MU"": 0.086161, ""QQQ"": 0.22, ""SPY"": 0.33}",0.2,0.8,True,True,nested walk-forward live gates pass
2026-07-01,2026-07-01T14:52:39+00:00,riskoff_guard,"h=20,ov=0.5,ma=100,vol=percentile:0.3,score=regime_adaptive_riskoff_guard,shape=top3,weighting=sticky_score,tqqq=0.0,risk=off",103965.89,100000.0,0.9927,3.9659,2026-06-29,2026-06-30,ok,"{""CAT"": 0.110689, ""GS"": 0.053149, ""MU"": 0.086161, ""QQQ"": 0.22, ""SPY"": 0.33}","{""CAT"": 0.105093, ""FCX"": 0.063661, ""MU"": 0.081246, ""QQQ"": 0.22, ""SPY"": 0.33}",0.2,0.8,True,True,nested walk-forward live gates pass
2026-07-02,2026-07-02T14:32:23+00:00,riskoff_guard,"h=20,ov=0.5,ma=100,vol=percentile:0.3,score=regime_adaptive_riskoff_guard,shape=top3,weighting=sticky_score,tqqq=0.0,risk=off",101675.45,100000.0,-2.2031,1.6755,2026-06-30,2026-07-01,ok,"{""CAT"": 0.105093, ""FCX"": 0.063661, ""MU"": 0.081246, ""QQQ"": 0.22, ""SPY"": 0.33}","{""CAT"": 0.031893, ""GS"": 0.083333, ""MU"": 0.134774, ""QQQ"": 0.22, ""SPY"": 0.33}",0.2,0.8,True,True,nested walk-forward live gates pass
2026-07-06,2026-07-06T17:28:23+00:00,riskoff_guard,"h=20,ov=0.5,ma=100,vol=percentile:0.3,score=regime_adaptive_riskoff_guard,shape=top3,weighting=sticky_score,tqqq=0.0,risk=off",100411.04,100000.0,-1.2436,0.411,2026-07-01,2026-07-02,ok,"{""CAT"": 0.031893, ""GS"": 0.083333, ""MU"": 0.134774, ""QQQ"": 0.22, ""SPY"": 0.33}","{""GS"": 0.083333, ""MU"": 0.134774, ""NEM"": 0.031893, ""QQQ"": 0.22, ""SPY"": 0.33}",0.2,0.8,True,True,nested walk-forward live gates pass
2026-07-07,2026-07-07T16:21:57+00:00,riskoff_guard,"h=20,ov=0.5,ma=100,vol=percentile:0.3,score=regime_adaptive_riskoff_guard,shape=top3,weighting=sticky_score,tqqq=0.0,risk=off",101465.93,100000.0,1.0506,1.4659,2026-07-02,2026-07-06,ok,"{""GS"": 0.083333, ""MU"": 0.134774, ""NEM"": 0.031893, ""QQQ"": 0.22, ""SPY"": 0.33}","{""CAT"": 0.083333, ""GS"": 0.031893, ""MU"": 0.134774, ""QQQ"": 0.22, ""SPY"": 0.33}",0.2,0.8,True,True,nested walk-forward live gates pass
2026-07-08,2026-07-08T16:38:00+00:00,riskoff_guard,"h=20,ov=0.5,ma=100,vol=percentile:0.3,score=regime_adaptive_riskoff_guard,shape=top3,weighting=sticky_score,tqqq=0.0,risk=off",99951.84,100000.0,-1.4922,-0.0482,2026-07-06,2026-07-07,ok,"{""CAT"": 0.083333, ""GS"": 0.031893, ""MU"": 0.134774, ""QQQ"": 0.22, ""SPY"": 0.33}","{""CAT"": 0.031893, ""MU"": 0.134774, ""QQQ"": 0.22, ""SPY"": 0.33, ""WMT"": 0.083333}",0.2,0.8,True,True,nested walk-forward live gates pass
2026-07-09,2026-07-09T16:25:57+00:00,riskoff_guard,"h=20,ov=0.5,ma=100,vol=percentile:0.3,score=regime_adaptive_riskoff_guard,shape=top3,weighting=sticky_score,tqqq=0.0,risk=off",100205.31,100000.0,0.2536,0.2053,2026-07-07,2026-07-08,ok,"{""CAT"": 0.031893, ""MU"": 0.134774, ""QQQ"": 0.22, ""SPY"": 0.33, ""WMT"": 0.083333}","{""CAT"": 0.083333, ""MU"": 0.134774, ""QQQ"": 0.22, ""SPY"": 0.33, ""WMT"": 0.031893}",0.2,0.8,True,True,nested walk-forward live gates pass
2026-07-10,2026-07-10T17:03:14+00:00,riskoff_guard,"h=20,ov=0.5,ma=100,vol=percentile:0.3,score=regime_adaptive_riskoff_guard,shape=top3,weighting=sticky_score,tqqq=0.0,risk=off",101351.4,100000.0,1.1437,1.3514,2026-07-08,2026-07-09,ok,"{""CAT"": 0.083333, ""MU"": 0.134774, ""QQQ"": 0.22, ""SPY"": 0.33, ""WMT"": 0.031893}","{""CAT"": 0.083333, ""MU"": 0.134774, ""QQQ"": 0.22, ""SPY"": 0.33, ""WMT"": 0.031893}",0.2,0.8,True,True,nested walk-forward live gates pass
2026-07-13,2026-07-13T16:59:40+00:00,riskoff_guard,"h=20,ov=0.5,ma=100,vol=percentile:0.3,score=regime_adaptive_riskoff_guard,shape=top3,weighting=sticky_score,tqqq=0.0,risk=off",101569.19,100000.0,0.2149,1.5692,2026-07-09,2026-07-10,ok,"{""CAT"": 0.083333, ""MU"": 0.134774, ""QQQ"": 0.22, ""SPY"": 0.33, ""WMT"": 0.031893}","{""CAT"": 0.083333, ""MU"": 0.134774, ""QQQ"": 0.22, ""SPY"": 0.33, ""WMT"": 0.031893}",0.2,0.8,True,True,nested walk-forward live gates pass
2026-07-14,2026-07-14T15:20:02+00:00,riskoff_guard,"h=20,ov=0.5,ma=100,vol=percentile:0.3,score=regime_adaptive_riskoff_guard,shape=top3,weighting=sticky_score,tqqq=0.0,risk=off",100136.12,100000.0,-1.4109,0.1361,2026-07-10,2026-07-13,ok,"{""CAT"": 0.083333, ""MU"": 0.134774, ""QQQ"": 0.22, ""SPY"": 0.33, ""WMT"": 0.031893}","{""CAT"": 0.083333, ""MU"": 0.134774, ""QQQ"": 0.22, ""SPY"": 0.33, ""WMT"": 0.031893}",0.2,0.8,True,True,nested walk-forward live gates pass
2026-07-15,2026-07-15T15:21:29+00:00,riskoff_guard,"h=20,ov=0.5,ma=100,vol=percentile:0.3,score=regime_adaptive_riskoff_guard,shape=top3,weighting=sticky_score,tqqq=0.0,risk=off",100136.12,100000.0,0.0,0.1361,2026-07-13,2026-07-14,ok,"{""CAT"": 0.083333, ""MU"": 0.134774, ""QQQ"": 0.22, ""SPY"": 0.33, ""WMT"": 0.031893}","{""ABBV"": 0.100264, ""META"": 0.149736, ""QQQ"": 0.22, ""SPY"": 0.33}",0.2,0.8,True,True,nested walk-forward live gates pass
2026-07-17,2026-07-17T15:09:36+00:00,riskoff_guard,"h=20,ov=0.5,ma=100,vol=percentile:0.3,score=regime_adaptive_riskoff_guard,shape=top3,weighting=sticky_score,tqqq=0.0,risk=off",100214.27,100000.0,0.078,0.2143,2026-07-14,2026-07-16,ok,"{""ABBV"": 0.100264, ""META"": 0.149736, ""QQQ"": 0.22, ""SPY"": 0.33}","{""CAT"": 0.083333, ""MU"": 0.134774, ""QQQ"": 0.22, ""SPY"": 0.33, ""WMT"": 0.031893}",0.2,0.8,True,True,nested walk-forward live gates pass
2026-07-20,2026-07-20T16:26:58+00:00,riskoff_guard,"h=20,ov=0.5,ma=100,vol=percentile:0.3,score=regime_adaptive_riskoff_guard,shape=top3,weighting=sticky_score,tqqq=0.0,risk=off",99498.19,100000.0,-0.7145,-0.5018,2026-07-16,2026-07-17,ok,"{""CAT"": 0.083333, ""MU"": 0.134774, ""QQQ"": 0.22, ""SPY"": 0.33, ""WMT"": 0.031893}","{""AMD"": 0.031893, ""CAT"": 0.083333, ""MU"": 0.134774, ""QQQ"": 0.22, ""SPY"": 0.33}",0.2,0.8,True,True,nested walk-forward live gates pass
2026-07-22,2026-07-22T15:30:27+00:00,riskoff_guard,"h=20,ov=0.5,ma=100,vol=percentile:0.3,score=regime_adaptive_riskoff_guard,shape=top3,weighting=sticky_score,tqqq=0.0,risk=off",102491.4,100000.0,3.0083,2.4914,2026-07-17,2026-07-21,ok,"{""AMD"": 0.031893, ""CAT"": 0.083333, ""MU"": 0.134774, ""QQQ"": 0.22, ""SPY"": 0.33}","{""C"": 0.031893, ""CAT"": 0.083333, ""MU"": 0.134774, ""QQQ"": 0.22, ""SPY"": 0.33}",0.2,0.8,True,True,nested walk-forward live gates pass
2026-07-23,2026-07-23T15:51:17+00:00,riskoff_guard,"h=20,ov=0.5,ma=100,vol=percentile:0.3,score=regime_adaptive_riskoff_guard,shape=top3,weighting=sticky_score,tqqq=0.0,risk=off",102154.74,100000.0,-0.3285,2.1547,2026-07-21,2026-07-22,ok,"{""C"": 0.031893, ""CAT"": 0.083333, ""MU"": 0.134774, ""QQQ"": 0.22, ""SPY"": 0.33}","{""CAT"": 0.031893, ""MU"": 0.083333, ""QQQ"": 0.22, ""SPY"": 0.33, ""WMT"": 0.134774}",0.2,0.8,True,True,nested walk-forward live gates pass
2026-07-24,2026-07-24T16:09:41+00:00,riskoff_guard,"h=20,ov=0.5,ma=100,vol=percentile:0.3,score=regime_adaptive_riskoff_guard,shape=top3,weighting=sticky_score,tqqq=0.0,risk=off",101486.49,100000.0,-0.6542,1.4865,2026-07-22,2026-07-23,ok,"{""CAT"": 0.031893, ""MU"": 0.083333, ""QQQ"": 0.22, ""SPY"": 0.33, ""WMT"": 0.134774}","{""CAT"": 0.134774, ""MU"": 0.083333, ""QQQ"": 0.22, ""SPY"": 0.33, ""WMT"": 0.031893}",0.2,0.8,True,True,nested walk-forward live gates pass
2026-07-27,2026-07-27T16:28:33+00:00,riskoff_guard,"h=20,ov=0.5,ma=100,vol=percentile:0.3,score=regime_adaptive_riskoff_guard,shape=top3,weighting=sticky_score,tqqq=0.0,risk=off",101486.49,100000.0,0.0,1.4865,2026-07-23,2026-07-23,same_price_date,"{""CAT"": 0.134774, ""MU"": 0.083333, ""QQQ"": 0.22, ""SPY"": 0.33, ""WMT"": 0.031893}","{""AMAT"": 0.031893, ""CAT"": 0.083333, ""MU"": 0.134774, ""QQQ"": 0.22, ""SPY"": 0.33}",0.2,0.8,True,True,nested walk-forward live gates pass
2026-07-28,2026-07-28T16:02:05+00:00,riskoff_guard,"h=20,ov=0.5,ma=100,vol=percentile:0.3,score=regime_adaptive_riskoff_guard,shape=top3,weighting=sticky_score,tqqq=0.0,risk=off",99501.94,100000.0,-1.9555,-0.4981,2026-07-23,2026-07-27,ok,"{""AMAT"": 0.031893, ""CAT"": 0.083333, ""MU"": 0.134774, ""QQQ"": 0.22, ""SPY"": 0.33}","{""C"": 0.031893, ""CAT"": 0.083333, ""MU"": 0.134774, ""QQQ"": 0.22, ""SPY"": 0.33}",0.2,0.8,True,True,nested walk-forward live gates pass
2026-08-03,2026-08-03T16:18:12+00:00,riskoff_guard,"h=20,ov=0.5,ma=100,vol=percentile:0.3,score=regime_adaptive_riskoff_guard,shape=top3,weighting=sticky_score,tqqq=0.0,risk=off",98322.8,100000.0,-1.185,-1.6772,2026-07-27,2026-07-31,ok,"{""C"": 0.031893, ""CAT"": 0.083333, ""MU"": 0.134774, ""QQQ"": 0.22, ""SPY"": 0.33}","{""CAT"": 0.180804, ""INTC"": 0.069196, ""MU"": 0.25, ""QQQ"": 0.375, ""SPY"": 0.125}",0.0,1.0,True,True,nested walk-forward live gates pass
2026-08-04,2026-08-04T16:10:29+00:00,riskoff_guard,"h=20,ov=0.5,ma=100,vol=percentile:0.3,score=regime_adaptive_riskoff_guard,shape=top3,weighting=sticky_score,tqqq=0.0,risk=off",99730.89,100000.0,1.4321,-0.2691,2026-07-31,2026-08-03,ok,"{""CAT"": 0.180804, ""INTC"": 0.069196, ""MU"": 0.25, ""QQQ"": 0.375, ""SPY"": 0.125}","{""CAT"": 0.083333, ""INTC"": 0.031893, ""MU"": 0.134774, ""QQQ"": 0.22, ""SPY"": 0.33}",0.2,0.8,True,True,nested walk-forward live gates pass
2026-08-05,2026-08-05T15:58:12+00:00,riskoff_guard,"h=20,ov=0.5,ma=100,vol=percentile:0.3,score=regime_adaptive_riskoff_guard,shape=top3,weighting=sticky_score,tqqq=0.0,risk=off",102903.46,100000.0,3.1811,2.9035,2026-08-03,2026-08-04,ok,"{""CAT"": 0.083333, ""INTC"": 0.031893, ""MU"": 0.134774, ""QQQ"": 0.22, ""SPY"": 0.33}","{""CAT"": 0.083333, ""MU"": 0.134774, ""QQQ"": 0.22, ""SPY"": 0.33, ""TSLA"": 0.031893}",0.2,0.8,True,True,nested walk-forward live gates pass
2026-08-07,2026-08-07T14:48:26+00:00,riskoff_guard,"h=20,ov=0.5,ma=100,vol=percentile:0.3,score=regime_adaptive_riskoff_guard,shape=top3,weighting=sticky_score,tqqq=0.0,risk=off",102049.82,100000.0,-0.8296,2.0498,2026-08-04,2026-08-06,ok,"{""CAT"": 0.083333, ""MU"": 0.134774, ""QQQ"": 0.22, ""SPY"": 0.33, ""TSLA"": 0.031893}","{""AMD"": 0.083333, ""CAT"": 0.031893, ""MU"": 0.134774, ""QQQ"": 0.22, ""SPY"": 0.33}",0.2,0.8,True,True,nested walk-forward live gates pass
2026-08-10,2026-08-10T15:24:06+00:00,riskoff_guard,"h=20,ov=0.5,ma=100,vol=percentile:0.3,score=regime_adaptive_riskoff_guard,shape=top3,weighting=sticky_score,tqqq=0.0,risk=off",102299.18,100000.0,0.2444,2.2992,2026-08-06,2026-08-07,ok,"{""AMD"": 0.083333, ""CAT"": 0.031893, ""MU"": 0.134774, ""QQQ"": 0.22, ""SPY"": 0.33}","{""AMD"": 0.134774, ""CAT"": 0.031893, ""MU"": 0.083333, ""QQQ"": 0.22, ""SPY"": 0.33}",0.2,0.8,True,True,nested walk-forward live gates pass
2026-08-11,2026-08-11T15:23:06+00:00,riskoff_guard,"h=20,ov=0.5,ma=100,vol=percentile:0.3,score=regime_adaptive_riskoff_guard,shape=top3,weighting=sticky_score,tqqq=0.0,risk=off",101649.45,100000.0,-0.6351,1.6495,2026-08-07,2026-08-10,ok,"{""AMD"": 0.134774, ""CAT"": 0.031893, ""MU"": 0.083333, ""QQQ"": 0.22, ""SPY"": 0.33}","{""AMD"": 0.134774, ""CAT"": 0.031893, ""MU"": 0.083333, ""QQQ"": 0.22, ""SPY"": 0.33}",0.2,0.8,True,True,nested walk-forward live gates pass
2026-08-12,2026-08-12T15:31:47+00:00,riskoff_guard,"h=20,ov=0.5,ma=100,vol=percentile:0.3,score=regime_adaptive_riskoff_guard,shape=top3,weighting=sticky_score,tqqq=0.0,risk=off",101702.47,100000.0,0.0522,1.7025,2026-08-10,2026-08-11,ok,"{""AMD"": 0.134774, ""CAT"": 0.031893, ""MU"": 0.083333, ""QQQ"": 0.22, ""SPY"": 0.33}","{""AMD"": 0.031893, ""CAT"": 0.083333, ""MU"": 0.134774, ""QQQ"": 0.22, ""SPY"": 0.33}",0.2,0.8,True,True,nested walk-forward live gates pass
2026-08-13,2026-08-13T14:53:51+00:00,riskoff_guard,"h=20,ov=0.5,ma=100,vol=percentile:0.3,score=regime_adaptive_riskoff_guard,shape=top3,weighting=sticky_score,tqqq=0.0,risk=off",102806.8,100000.0,1.0858,2.8068,2026-08-11,2026-08-12,ok,"{""AMD"": 0.031893, ""CAT"": 0.083333, ""MU"": 0.134774, ""QQQ"": 0.22, ""SPY"": 0.33}","{""CAT"": 0.134774, ""GS"": 0.031893, ""MU"": 0.083333, ""QQQ"": 0.22, ""SPY"": 0.33}",0.2,0.8,True,True,nested walk-forward live gates pass
2026-08-14,2026-08-14T14:47:29+00:00,riskoff_guard,"h=20,ov=0.5,ma=100,vol=percentile:0.3,score=regime_adaptive_riskoff_guard,shape=top3,weighting=sticky_score,tqqq=0.0,risk=off",103668.36,100000.0,0.838,3.6684,2026-08-12,2026-08-13,ok,"{""CAT"": 0.134774, ""GS"": 0.031893, ""MU"": 0.083333, ""QQQ"": 0.22, ""SPY"": 0.33}","{""AMD"": 0.134774, ""AMZN"": 0.031893, ""CAT"": 0.083333, ""QQQ"": 0.22, ""SPY"": 0.33}",0.2,0.8,True,True,nested walk-forward live gates pass
2026-08-17,2026-08-17T14:21:09+00:00,riskoff_guard,"h=20,ov=0.5,ma=100,vol=percentile:0.3,score=regime_adaptive_riskoff_guard,shape=top3,weighting=sticky_score,tqqq=0.0,risk=off",104466.18,100000.0,0.7696,4.4662,2026-08-13,2026-08-14,ok,"{""AMD"": 0.134774, ""AMZN"": 0.031893, ""CAT"": 0.083333, ""QQQ"": 0.22, ""SPY"": 0.33}","{""AMZN"": 0.134774, ""CAT"": 0.031893, ""FCX"": 0.083333, ""QQQ"": 0.22, ""SPY"": 0.33}",0.2,0.8,True,True,nested walk-forward live gates pass
2026-08-19,2026-08-19T14:25:51+00:00,riskoff_guard,"h=20,ov=0.5,ma=100,vol=percentile:0.3,score=regime_adaptive_riskoff_guard,shape=top3,weighting=sticky_score,tqqq=0.0,risk=off",103390.27,100000.0,-1.0299,3.3903,2026-08-14,2026-08-18,ok,"{""AMZN"": 0.134774, ""CAT"": 0.031893, ""FCX"": 0.083333, ""QQQ"": 0.22, ""SPY"": 0.33}","{""AMZN"": 0.083333, ""CAT"": 0.031893, ""INTC"": 0.134774, ""QQQ"": 0.22, ""SPY"": 0.33}",0.2,0.8,True,True,nested walk-forward live gates pass
2026-08-20,2026-08-20T14:29:00+00:00,riskoff_guard,"h=20,ov=0.5,ma=100,vol=percentile:0.3,score=regime_adaptive_riskoff_guard,shape=top3,weighting=sticky_score,tqqq=0.0,risk=off",102971.17,100000.0,-0.4054,2.9712,2026-08-18,2026-08-19,ok,"{""AMZN"": 0.083333, ""CAT"": 0.031893, ""INTC"": 0.134774, ""QQQ"": 0.22, ""SPY"": 0.33}","{""AMD"": 0.031893, ""CAT"": 0.083333, ""INTC"": 0.134774, ""QQQ"": 0.22, ""SPY"": 0.33}",0.2,0.8,True,True,nested walk-forward live gates pass
2026-08-21,2026-08-21T14:28:29+00:00,riskoff_guard,"h=20,ov=0.5,ma=100,vol=percentile:0.3,score=regime_adaptive_riskoff_guard,shape=top3,weighting=sticky_score,tqqq=0.0,risk=off",102436.03,100000.0,-0.5197,2.436,2026-08-19,2026-08-20,ok,"{""AMD"": 0.031893, ""CAT"": 0.083333, ""INTC"": 0.134774, ""QQQ"": 0.22, ""SPY"": 0.33}","{""CAT"": 0.031893, ""INTC"": 0.134774, ""QQQ"": 0.22, ""SPY"": 0.33, ""WMT"": 0.083333}",0.2,0.8,True,True,nested walk-forward live gates pass
2026-08-24,2026-08-24T14:35:43+00:00,riskoff_guard,"h=20,ov=0.5,ma=100,vol=percentile:0.3,score=regime_adaptive_riskoff_guard,shape=top3,weighting=sticky_score,tqqq=0.0,risk=off",102404.23,100000.0,-0.031,2.4042,2026-08-20,2026-08-21,ok,"{""CAT"": 0.031893, ""INTC"": 0.134774, ""QQQ"": 0.22, ""SPY"": 0.33, ""WMT"": 0.083333}","{""CAT"": 0.031893, ""INTC"": 0.134774, ""QQQ"": 0.22, ""SPY"": 0.33, ""WMT"": 0.083333}",0.2,0.8,True,True,nested walk-forward live gates pass
2026-08-25,2026-08-25T14:37:35+00:00,riskoff_guard,"h=20,ov=0.5,ma=100,vol=percentile:0.3,score=regime_adaptive_riskoff_guard,shape=top3,weighting=sticky_score,tqqq=0.0,risk=off",101812.52,100000.0,-0.5778,1.8125,2026-08-21,2026-08-24,ok,"{""CAT"": 0.031893, ""INTC"": 0.134774, ""QQQ"": 0.22, ""SPY"": 0.33, ""WMT"": 0.083333}","{""FCX"": 0.029245, ""INTC"": 0.170755, ""MU"": 0.2, ""QQQ"": 0.6}",0.0,1.0,True,True,nested walk-forward live gates pass
