group_type,group,trades,win_rate,avg_pnl,median_pnl,total_pnl,profit_factor,raw_sharpe_proxy,avg_confidence,avg_expected_return,avg_rank_score,avg_holding_days
confidence_decile,C1,131,0.5038,0.67,3.55,87.83,1.044,0.018,50.04,0.2805,0.0101,3.25
confidence_decile,C4,131,0.542,-0.37,3.46,-47.92,0.975,-0.011,50.29,0.217,0.0114,3.19
confidence_decile,C8,131,0.542,-0.63,4.79,-81.99,0.955,-0.02,51.3,0.2267,0.0114,3.25
confidence_decile,C9,131,0.542,-2.02,4.27,-264.3,0.867,-0.062,51.86,0.2487,0.0137,3.24
confidence_decile,C7,131,0.5115,-2.37,0.3,-310.9,0.848,-0.071,50.87,0.2473,0.0112,3.49
confidence_decile,C2,131,0.5344,-2.41,7.42,-315.22,0.841,-0.075,50.12,0.2161,0.0155,3.02
confidence_decile,C3,131,0.5267,-2.59,4.13,-339.51,0.825,-0.083,50.19,0.2114,0.0129,3.41
confidence_decile,C10,131,0.5115,-3.25,1.47,-426.28,0.8,-0.095,53.59,0.2458,0.0106,3.19
confidence_decile,C6,130,0.5154,-3.48,2.12,-452.74,0.783,-0.105,50.62,0.2755,0.0106,3.23
confidence_decile,C5,131,0.4962,-5.35,-2.09,-701.24,0.675,-0.174,50.44,0.2638,0.0121,3.24
entry_year,2019,116,0.6034,3.39,10.59,392.93,1.278,0.106,50.32,0.2671,0.0115,3.29
entry_year,2026,29,0.6552,9.0,24.22,261.12,1.824,0.276,50.42,0.2072,0.002,3.14
entry_year,2020,44,0.5,0.07,-1.27,3.07,1.005,0.002,51.01,-0.147,0.0136,3.68
entry_year,2021,148,0.5541,-0.21,9.95,-30.64,0.987,-0.006,50.65,0.2843,0.0141,3.18
entry_year,2024,150,0.52,-0.69,4.42,-104.13,0.942,-0.027,51.32,0.2563,0.0086,3.1
entry_year,2023,119,0.5462,-1.29,6.2,-153.76,0.904,-0.044,51.18,0.2897,0.0071,3.27
entry_year,2025,103,0.5146,-1.88,2.82,-193.15,0.865,-0.066,50.54,0.298,0.0083,3.51
entry_year,2022,60,0.5,-3.62,0.58,-216.9,0.811,-0.093,51.04,0.3537,0.0085,3.52
entry_year,2015,114,0.5175,-3.24,5.28,-369.15,0.834,-0.081,50.93,0.2979,0.0156,3.27
entry_year,2016,136,0.4706,-4.39,-3.45,-596.4,0.735,-0.128,50.54,0.2321,0.0189,3.35
entry_year,2018,121,0.4876,-7.23,-2.78,-875.2,0.62,-0.201,50.87,0.3075,0.0138,3.21
entry_year,2017,169,0.4911,-5.74,-2.35,-970.06,0.626,-0.201,51.7,0.1082,0.0121,2.99
exit_reason,stop_loss,478,0.7301,7.98,18.27,3812.38,1.697,0.234,50.96,0.2451,0.0114,2.45
exit_reason,time_exit,398,0.4799,-1.88,-2.03,-750.08,0.811,-0.083,50.94,0.2385,0.0136,5.0
exit_reason,take_profit,433,0.3326,-13.66,-27.01,-5914.57,0.442,-0.382,50.89,0.2457,0.011,2.52
expected_return_decile,E9,131,0.6183,2.56,14.06,335.01,1.196,0.078,50.99,0.4559,0.0111,3.29
expected_return_decile,E3,131,0.5878,1.79,10.46,234.35,1.149,0.059,51.07,0.1142,0.0133,3.18
expected_return_decile,E8,131,0.542,-0.49,2.93,-63.62,0.966,-0.015,50.7,0.3724,0.0104,3.27
expected_return_decile,E10,131,0.542,-0.59,13.87,-76.94,0.968,-0.014,51.25,0.7385,0.0131,3.34
expected_return_decile,E6,130,0.5154,-1.3,4.33,-168.4,0.909,-0.041,50.72,0.2726,0.0101,3.23
expected_return_decile,E5,131,0.542,-2.07,5.76,-271.07,0.851,-0.071,50.65,0.2282,0.0102,3.14
expected_return_decile,E7,131,0.458,-4.21,-7.13,-551.18,0.739,-0.13,50.72,0.3145,0.014,3.35
expected_return_decile,E1,131,0.4656,-5.28,-4.51,-691.46,0.711,-0.149,51.28,-0.259,0.0141,3.46
expected_return_decile,E2,131,0.4656,-5.93,-6.41,-776.85,0.651,-0.186,51.09,0.0156,0.012,3.21
expected_return_decile,E4,131,0.4885,-6.28,-3.32,-822.11,0.611,-0.211,50.83,0.1799,0.0111,3.04
holding_days_bucket,1d,300,0.55,-1.78,10.37,-533.86,0.887,-0.054,50.96,0.2443,0.0117,1.0
holding_days_bucket,4-5d,634,0.4984,-1.51,-0.36,-959.82,0.886,-0.05,50.93,0.2415,0.0125,4.79
holding_days_bucket,2-3d,375,0.5413,-3.62,12.68,-1358.59,0.803,-0.098,50.9,0.2455,0.0112,2.46
rank_score_decile,R2,131,0.5573,0.05,7.62,7.01,1.004,0.002,50.96,0.2758,-0.0008,3.4
rank_score_decile,R5,131,0.5725,-0.12,8.4,-16.13,0.991,-0.004,50.97,0.2534,0.01,3.11
rank_score_decile,R4,131,0.5038,-0.87,1.41,-113.71,0.935,-0.03,50.97,0.2331,0.0075,2.96
rank_score_decile,R9,131,0.5191,-1.4,10.41,-183.6,0.91,-0.041,50.96,0.2651,0.0245,3.37
rank_score_decile,R8,131,0.5344,-1.95,3.55,-255.88,0.867,-0.062,50.74,0.2506,0.0193,3.24
rank_score_decile,R1,131,0.5191,-2.08,1.98,-272.96,0.867,-0.062,50.91,0.269,-0.0153,3.2
rank_score_decile,R7,131,0.5038,-3.36,1.26,-439.84,0.779,-0.109,50.87,0.2206,0.0159,3.34
rank_score_decile,R3,131,0.4809,-3.72,-4.87,-487.3,0.77,-0.116,51.09,0.2387,0.004,2.94
rank_score_decile,R6,130,0.5,-3.83,-1.33,-498.3,0.726,-0.133,50.95,0.2195,0.0128,3.58
rank_score_decile,R10,131,0.5344,-4.52,6.34,-591.56,0.786,-0.104,50.89,0.2067,0.0416,3.37
regime_state,neutral,456,0.5636,0.33,8.89,148.97,1.022,0.009,50.99,0.32,0.0115,3.32
regime_state,bull,853,0.5006,-3.52,0.05,-3001.24,0.776,-0.11,50.9,0.2023,0.0122,3.21
sector,XLP,105,0.5619,0.77,7.18,80.47,1.079,0.034,50.82,0.2268,0.0091,3.2
sector,XLRE,83,0.5181,-0.97,3.1,-80.41,0.921,-0.036,50.6,0.2336,0.0131,3.12
sector,XLI,131,0.5573,-0.81,7.37,-105.75,0.944,-0.025,50.68,0.2557,0.0062,3.03
sector,XLE,109,0.5321,-1.47,1.47,-160.52,0.917,-0.037,50.92,0.2517,0.0193,3.29
sector,XLF,106,0.5,-1.65,-0.16,-175.17,0.889,-0.052,51.18,0.2418,0.0052,3.31
sector,XLV,194,0.5309,-0.95,4.15,-183.4,0.928,-0.033,50.79,0.2203,0.0129,3.31
sector,XLU,74,0.5405,-2.76,1.45,-204.19,0.74,-0.129,50.82,0.2427,0.0092,3.36
sector,XLY,123,0.5122,-2.25,2.69,-277.23,0.856,-0.068,51.13,0.2323,0.0123,3.37
sector,XLB,73,0.4932,-4.69,-3.69,-342.73,0.755,-0.121,51.22,0.2016,0.0179,3.22
sector,XLC,118,0.5,-2.95,-2.41,-348.57,0.821,-0.087,51.04,0.27,0.0125,3.21
sector,XLK,193,0.5026,-5.47,1.32,-1054.77,0.735,-0.135,51.05,0.2737,0.0138,3.27
signal_quality,HIGH,1309,0.5225,-2.18,3.1,-2852.27,0.858,-0.066,50.93,0.2433,0.0119,3.25
ticker,GOOGL,7,1.0,31.44,29.6,220.11,,3.489,51.84,0.3757,0.0089,3.0
ticker,BKNG,7,1.0,30.42,40.15,212.95,,1.583,51.61,0.18,-0.0011,4.14
ticker,CI,20,0.65,7.71,15.31,154.1,1.8,0.267,50.91,0.2205,0.0133,4.2
ticker,PM,4,1.0,26.85,30.31,107.4,,1.829,50.43,0.2875,0.0011,3.75
ticker,CMCSA,4,1.0,26.62,23.95,106.49,,1.793,50.64,0.3975,0.0033,3.25
ticker,SPG,5,0.6,19.62,35.39,98.11,2.805,0.498,50.59,-0.174,0.0271,3.6
ticker,KMB,20,0.7,4.82,11.79,96.43,1.677,0.242,50.82,0.069,0.0088,2.7
ticker,AMAT,13,0.6154,7.14,17.72,92.77,1.51,0.179,50.66,0.2569,0.0131,3.38
ticker,KMI,13,0.6923,6.96,15.24,90.5,2.217,0.366,51.06,0.2531,0.0145,3.0
ticker,GILD,9,0.6667,9.9,12.99,89.14,2.409,0.344,50.53,0.0811,0.0116,3.89
ticker,GIS,14,0.7143,6.27,10.44,87.8,1.905,0.281,50.73,0.2371,0.0152,3.21
ticker,SCHW,14,0.5714,5.99,22.44,83.85,1.511,0.2,51.69,0.3121,0.01,3.5
ticker,UNH,13,0.6154,6.14,15.19,79.88,1.819,0.269,50.57,0.2462,0.0098,3.31
ticker,SLB,10,0.7,7.84,23.19,78.39,1.544,0.205,51.4,0.14,0.0127,3.1
ticker,VZ,5,0.8,14.18,17.66,70.91,3.704,0.673,50.87,0.232,0.0054,1.6
ticker,CCI,5,0.8,14.01,18.91,70.06,2.524,0.433,50.7,0.286,0.0035,2.8
ticker,PSX,18,0.6111,3.84,19.02,69.19,1.227,0.092,50.63,0.3611,0.0272,3.17
ticker,EQIX,2,1.0,34.16,34.16,68.33,,3.724,50.14,0.11,0.0072,1.0
ticker,MAR,7,0.7143,9.62,18.12,67.33,2.033,0.322,50.51,0.03,0.0102,3.14
ticker,FDX,16,0.6875,4.18,8.54,66.89,1.378,0.133,50.87,0.2506,0.0086,3.88
ticker,EBAY,17,0.5294,3.56,16.15,60.58,1.298,0.122,50.93,0.2559,0.0098,3.18
ticker,DHR,14,0.5,4.3,1.34,60.16,1.573,0.193,50.19,0.1943,0.0174,3.57
ticker,PH,4,0.75,15.04,29.39,60.15,2.946,0.566,50.52,0.2775,0.0108,2.5
ticker,BSX,3,0.6667,19.11,27.9,57.34,3.695,0.636,51.39,0.33,0.0126,2.0
ticker,TMO,1,1.0,55.23,55.23,55.23,,55230000000.0,50.77,0.36,0.0086,2.0
ticker,SPGI,5,0.6,10.92,15.89,54.6,2.751,0.471,51.17,0.45,0.0045,3.2
ticker,USB,5,0.8,10.02,20.81,50.08,2.189,0.379,52.65,0.234,0.0135,2.8
ticker,ETN,5,0.8,9.94,15.95,49.7,2.487,0.44,51.26,0.132,0.0024,2.4
ticker,BAC,4,0.75,12.35,19.33,49.4,2.729,0.461,52.16,0.12,-0.0099,4.0
ticker,LMT,9,0.6667,5.46,14.54,49.16,1.685,0.241,50.68,0.3278,0.0029,3.44
ticker,DOW,6,0.6667,8.16,36.3,48.97,1.362,0.148,50.37,0.0133,0.0231,2.83
ticker,PNC,11,0.5455,4.25,21.07,46.75,1.232,0.09,51.3,0.2564,0.0027,3.09
ticker,NEE,4,1.0,10.8,10.8,43.19,,1.168,50.67,0.195,0.002,3.5
ticker,WMB,12,0.5,3.46,-0.19,41.53,1.254,0.092,50.69,0.2392,0.0212,3.67
ticker,AMT,4,0.5,10.35,5.95,41.41,2.393,0.395,50.98,0.2125,0.0139,4.75
ticker,CRM,15,0.6,2.76,23.67,41.4,1.164,0.067,51.42,0.35,0.0057,3.4
ticker,COF,12,0.5833,3.35,4.56,40.21,1.274,0.103,50.6,0.2875,0.0104,4.33
ticker,FCX,13,0.6154,3.02,15.53,39.31,1.142,0.06,51.16,0.1231,0.03,3.69
ticker,AMZN,5,0.6,7.32,25.16,36.62,1.657,0.234,51.51,0.176,0.0133,3.6
ticker,SYY,8,0.625,4.09,7.89,32.71,1.522,0.183,51.52,0.2463,0.0187,4.25
ticker,PEG,9,0.5556,3.41,13.06,30.73,1.402,0.159,50.68,0.1656,0.009,3.78
ticker,AIG,7,0.7143,4.34,20.05,30.39,1.344,0.136,50.5,0.2029,0.0159,2.57
ticker,MSFT,3,0.6667,10.12,14.15,30.35,2.114,0.349,50.86,0.3033,0.0056,3.67
ticker,DUK,1,1.0,26.16,26.16,26.16,,26160000000.0,50.23,0.12,-0.0038,4.0
ticker,WMT,3,0.6667,8.57,25.02,25.71,1.904,0.327,50.08,0.54,0.0015,2.67
ticker,NUE,8,0.625,3.16,14.25,25.27,1.297,0.119,51.99,0.1637,0.027,3.12
ticker,EA,8,0.625,3.12,14.05,24.98,1.233,0.098,50.51,0.3337,0.0166,2.5
ticker,ROST,17,0.5882,1.4,14.06,23.81,1.106,0.046,51.5,0.3106,0.0106,3.47
ticker,MRK,6,0.5,2.98,-0.43,17.89,1.25,0.105,50.34,0.25,0.0033,3.0
ticker,V,3,0.6667,5.48,15.23,16.43,1.544,0.21,50.63,0.21,0.0012,1.67
ticker,O,16,0.5625,0.93,11.29,14.88,1.09,0.039,50.63,0.3538,0.0127,2.56
ticker,DD,7,0.4286,1.86,-3.69,13.02,1.192,0.076,51.04,0.3186,0.0066,3.71
ticker,ABBV,37,0.5946,0.3,10.23,11.21,1.031,0.013,50.74,0.1873,0.023,3.08
ticker,CVX,4,0.5,2.78,-1.85,11.1,1.207,0.086,51.17,-0.2275,0.0055,3.75
ticker,SHW,4,0.75,2.11,15.74,8.46,1.17,0.07,51.04,0.205,0.002,3.5
ticker,PG,4,0.5,2.11,7.62,8.44,1.234,0.097,50.39,0.2575,0.0047,3.5
ticker,GE,23,0.6087,0.36,7.58,8.2,1.022,0.009,50.64,0.293,0.0045,3.22
ticker,BA,13,0.5385,0.44,21.12,5.71,1.024,0.011,50.84,0.2708,0.0097,3.0
ticker,D,6,0.6667,0.8,12.0,4.8,1.069,0.03,50.92,0.2917,0.0044,3.33
ticker,COP,6,0.5,0.45,5.55,2.73,1.029,0.014,50.36,0.3,0.01,3.33
ticker,SYK,9,0.5556,0.23,0.7,2.04,1.019,0.009,51.38,0.2311,0.0066,3.33
ticker,ADBE,12,0.5833,0.07,16.05,0.84,1.004,0.002,50.87,0.4417,0.0117,3.33
ticker,AEP,5,0.6,0.1,0.42,0.5,1.024,0.009,50.44,0.248,0.0059,4.4
ticker,EOG,14,0.5,0.02,4.97,0.27,1.001,0.0,51.1,0.2864,0.0194,3.21
ticker,CSX,2,0.5,-0.45,-0.45,-0.89,0.943,-0.029,50.84,0.17,0.0124,3.0
ticker,ABT,6,0.6667,-0.19,11.86,-1.15,0.986,-0.006,50.71,0.3017,0.0111,3.33
ticker,HON,4,0.5,-0.71,-0.36,-2.85,0.949,-0.026,50.24,0.2575,-0.0031,2.25
ticker,ISRG,6,0.5,-0.85,4.59,-5.11,0.952,-0.022,52.08,0.3383,0.0115,2.67
ticker,RTX,2,0.5,-4.65,-4.65,-9.3,0.638,-0.221,50.21,0.25,0.0089,1.5
ticker,TMUS,5,0.6,-2.47,4.66,-12.35,0.803,-0.1,50.91,0.396,0.0116,1.6
ticker,MCD,3,0.6667,-4.83,2.45,-14.49,0.471,-0.296,50.69,0.2867,0.0095,2.33
ticker,BRK-B,5,0.4,-3.18,-4.51,-15.91,0.727,-0.138,51.61,0.214,0.0028,2.6
ticker,NOC,5,0.4,-3.36,-18.39,-16.81,0.758,-0.137,50.89,0.216,0.0058,3.4
ticker,WFC,3,0.3333,-6.01,-28.8,-18.03,0.707,-0.172,51.14,0.44,-0.0009,4.0
ticker,AAPL,8,0.5,-2.41,-5.95,-19.3,0.851,-0.078,51.13,0.2362,0.0092,2.5
ticker,COST,6,0.6667,-3.47,10.0,-20.83,0.717,-0.13,51.5,0.2583,0.0113,3.5
ticker,LYV,29,0.5862,-0.76,13.36,-21.97,0.947,-0.024,51.21,0.2624,0.0149,3.41
ticker,GM,7,0.4286,-3.15,-1.52,-22.03,0.855,-0.067,51.38,0.2814,0.0219,4.14
ticker,INTC,12,0.5833,-1.85,10.55,-22.23,0.905,-0.045,50.9,0.2558,0.01,3.75
ticker,MO,9,0.5556,-2.48,3.55,-22.28,0.798,-0.101,50.27,0.3067,0.0145,3.67
ticker,EXC,5,0.6,-4.74,11.79,-23.7,0.663,-0.189,50.59,0.096,0.0034,2.2
ticker,XOM,1,0.0,-24.48,-24.48,-24.48,0.0,-24480000000.0,50.23,0.2,-0.0152,4.0
ticker,MMM,10,0.5,-2.47,-2.74,-24.65,0.833,-0.086,50.48,0.236,0.0108,1.8
ticker,MU,9,0.5556,-2.85,17.08,-25.66,0.884,-0.056,50.84,0.2411,0.0107,2.78
ticker,NFLX,20,0.5,-1.36,-7.29,-27.18,0.94,-0.029,51.23,0.257,0.0251,3.0
ticker,T,10,0.5,-2.9,1.32,-28.95,0.763,-0.12,51.29,0.31,0.0076,3.5
ticker,LIN,1,0.0,-30.29,-30.29,-30.29,0.0,-30290000000.0,50.0,0.84,0.0,5.0
ticker,MDT,4,0.25,-8.1,-14.92,-32.39,0.342,-0.555,50.57,-0.0475,0.0101,3.25
ticker,KO,2,0.0,-16.95,-16.95,-33.9,0.0,-24.214,50.41,0.28,0.0017,4.5
ticker,MA,3,0.3333,-11.55,-17.31,-34.65,0.364,-0.489,50.91,0.3267,-0.002,2.0
ticker,IBM,12,0.5833,-2.92,8.91,-35.03,0.783,-0.105,50.95,0.2592,0.0082,3.0
ticker,QCOM,9,0.5556,-3.95,1.98,-35.55,0.78,-0.11,51.98,0.2822,0.0076,4.22
ticker,EMR,5,0.4,-7.23,-7.37,-36.16,0.515,-0.305,50.62,0.22,0.0056,3.2
ticker,C,4,0.5,-10.24,-0.18,-40.98,0.024,-0.566,51.34,0.085,0.0045,4.0
ticker,MPC,13,0.4615,-3.17,-6.19,-41.26,0.82,-0.089,50.93,0.1123,0.0319,3.23
ticker,ED,15,0.5333,-2.91,5.85,-43.61,0.711,-0.153,50.55,0.2867,0.0136,3.33
ticker,WELL,9,0.5556,-4.86,6.38,-43.76,0.625,-0.207,50.95,0.1656,0.0263,3.33
ticker,XEL,9,0.5556,-4.87,1.04,-43.84,0.559,-0.236,50.58,0.2722,0.0058,3.78
ticker,PLD,3,0.3333,-14.78,-31.21,-44.35,0.304,-0.612,50.25,-0.03,0.0105,4.0
ticker,CL,8,0.375,-5.7,-15.68,-45.63,0.509,-0.331,50.29,0.2425,-0.0004,2.75
ticker,UNP,4,0.25,-11.63,-18.33,-46.54,0.287,-0.615,50.43,0.15,0.0081,3.75
ticker,TXN,7,0.5714,-6.88,7.2,-48.15,0.666,-0.176,50.68,0.3657,-0.0031,2.43
ticker,TRV,4,0.25,-12.81,-24.8,-51.22,0.362,-0.527,50.96,0.23,0.0151,4.0
ticker,OXY,5,0.6,-10.59,0.11,-52.94,0.232,-0.524,51.59,0.178,0.0146,3.0
ticker,CAT,8,0.5,-6.76,-16.99,-54.09,0.726,-0.153,50.7,0.4975,0.0019,3.25
ticker,BMY,13,0.5385,-4.47,5.16,-58.15,0.754,-0.132,50.37,0.1854,0.0032,3.46
ticker,GS,3,0.3333,-20.23,-34.3,-60.68,0.34,-0.537,51.56,-0.0567,-0.0057,2.33
ticker,UPS,9,0.4444,-6.8,-8.05,-61.21,0.537,-0.28,50.51,0.1944,0.0039,2.89
ticker,BLK,7,0.4286,-8.85,-9.88,-61.96,0.472,-0.341,51.01,0.2343,-0.0061,3.0
ticker,PSA,8,0.375,-7.85,-7.08,-62.77,0.402,-0.397,50.33,0.175,0.0159,2.88
ticker,HD,1,0.0,-65.53,-65.53,-65.53,0.0,-65530000000.0,50.05,0.47,-0.0071,2.0
ticker,IFF,13,0.5385,-5.13,10.67,-66.75,0.609,-0.22,51.29,0.2362,0.0118,2.69
ticker,PEP,4,0.0,-16.77,-17.44,-67.06,0.0,-3.063,50.62,0.2675,0.0015,3.25
ticker,ECL,6,0.3333,-11.51,-22.53,-69.08,0.392,-0.469,50.84,0.2583,0.0089,2.67
ticker,MS,7,0.4286,-10.69,-22.04,-74.8,0.464,-0.362,50.3,0.2771,0.0086,3.71
ticker,SO,10,0.3,-7.66,-2.35,-76.64,0.402,-0.364,51.6,0.27,0.0158,3.1
ticker,LLY,10,0.4,-7.98,-26.14,-79.76,0.599,-0.246,50.94,0.102,0.0143,3.1
ticker,TJX,10,0.4,-8.03,-11.81,-80.25,0.389,-0.427,51.17,0.319,0.0057,3.5
ticker,LOW,5,0.2,-16.12,-23.83,-80.61,0.244,-0.732,50.74,0.096,0.0088,3.0
ticker,AXP,6,0.1667,-13.67,-12.96,-82.0,0.156,-0.702,50.99,0.115,0.002,3.5
ticker,HSY,23,0.4348,-3.84,-9.32,-88.32,0.675,-0.178,51.17,0.2374,0.0082,2.96
ticker,DE,12,0.5,-7.75,-9.44,-93.06,0.503,-0.309,50.59,0.1475,0.0069,2.75
ticker,SBUX,16,0.5,-5.86,-3.21,-93.84,0.653,-0.195,50.99,0.2575,0.0135,3.19
ticker,F,5,0.2,-19.54,-36.64,-97.72,0.264,-0.636,50.81,0.13,0.0114,3.8
ticker,APD,7,0.2857,-14.18,-27.26,-99.26,0.258,-0.659,52.5,0.2886,0.0079,3.29
ticker,OMC,14,0.3571,-7.39,-9.16,-103.5,0.485,-0.329,50.71,0.3057,0.0073,3.29
ticker,JPM,3,0.0,-35.55,-33.96,-106.65,0.0,-13.282,51.4,0.1033,-0.0,3.0
ticker,CSCO,7,0.2857,-15.35,-23.77,-107.43,0.237,-0.663,50.97,0.2914,0.0082,3.14
ticker,NKE,11,0.4545,-10.03,-6.61,-110.38,0.416,-0.384,50.72,0.1482,0.0183,3.18
ticker,AVB,14,0.4286,-7.92,-16.02,-110.86,0.482,-0.333,50.62,0.3071,0.0075,3.21
ticker,DIS,9,0.2222,-12.33,-19.59,-111.01,0.387,-0.413,50.75,0.1111,0.0026,4.0
ticker,EQR,17,0.4706,-6.56,-5.85,-111.46,0.5,-0.301,50.49,0.2941,0.0092,3.24
ticker,PFE,6,0.3333,-18.59,-20.38,-111.52,0.133,-0.838,50.88,0.28,0.0101,3.0
ticker,TSLA,12,0.4167,-9.47,-24.91,-113.67,0.631,-0.216,51.69,0.2683,0.0233,3.33
ticker,JNJ,10,0.3,-11.49,-17.61,-114.9,0.221,-0.742,51.22,0.275,-0.0006,3.0
ticker,SRE,10,0.4,-12.18,-21.29,-121.78,0.29,-0.589,51.14,0.265,0.011,2.9
ticker,AVGO,11,0.3636,-12.55,-17.53,-138.07,0.497,-0.305,51.58,0.2418,0.0294,3.91
ticker,META,24,0.375,-6.28,-20.09,-150.84,0.642,-0.203,50.69,0.1675,0.0139,3.08
ticker,AMGN,8,0.375,-18.89,-34.81,-151.15,0.347,-0.516,51.09,0.3212,0.0093,3.12
ticker,CVS,19,0.4737,-8.22,-3.12,-156.26,0.554,-0.256,50.77,0.3021,0.0155,3.32
ticker,ORCL,10,0.4,-15.94,-27.83,-159.37,0.39,-0.437,51.32,0.448,0.0069,3.1
ticker,AMD,11,0.3636,-15.93,-47.72,-175.22,0.537,-0.298,50.85,0.0964,0.0317,3.27
ticker,NEM,8,0.25,-26.55,-48.36,-212.38,0.369,-0.483,50.67,0.15,0.0307,3.25
ticker,CHTR,14,0.2857,-17.57,-28.02,-245.99,0.341,-0.5,51.28,0.2379,0.0077,3.86
ticker,NOW,13,0.4615,-19.35,-31.4,-251.56,0.344,-0.472,50.78,0.08,0.0401,3.38
ticker,NVDA,10,0.3,-27.18,-31.54,-271.83,0.292,-0.533,51.21,0.475,0.0092,3.4
ticker,VLO,13,0.3077,-25.81,-36.48,-335.55,0.335,-0.47,50.76,0.4562,0.0165,3.62
