core_preset,regime_ma_window,regime_high_vol,score_source,shape,weighting,exit_rank_floor,max_per_sector,core_gross,overlay_gross,cost_stress,holding_days,total_return_pct,cagr_pct,sharpe,max_drawdown_pct,alpha_vs_spy_pct,alpha_vs_qqq_pct,alpha_vs_blend_pct,holdout_alpha_vs_qqq_pct,holdout_alpha_vs_blend_pct,turnover_pct,estimated_cost_pct,max_single_name_weight,avg_effective_overlay_names,max_sector_overlay_weight,top_ticker_overlay_contribution_share,top_ticker_overlay_contributor,paper_ready,year_alpha_concentration_pass,single_name_weight_cap_pass,top_ticker_contribution_pass,holdout_2023_2026_vs_qqq_pass,holdout_2023_2026_vs_blend_pass,stress_levels,stress_min_alpha_vs_spy_pct,stress_min_alpha_vs_qqq_pct,stress_min_alpha_vs_blend_pct,stress_all_gates_pass,robust_promotion_candidate
robust_overlay70_ma100_vol30,100,0.3,regime_adaptive,top3,sticky_score,0.8,2,0.55,0.7,2.0,10,8407.2,31.32,1.271,-28.47,7671.73,6890.41,7359.2,213.25,239.02,10256.26,20.5125,0.35,2.683,0.6682,0.178,NVDA,True,True,True,True,True,True,"2.0,3.0,5.0",5422.21,4640.89,5109.68,True,True
robust_overlay70_ma100_vol30,100,0.3,regime_adaptive,top3,score,0.8,2,0.55,0.7,2.0,10,8328.92,31.24,1.25,-28.59,7593.45,6812.12,7280.92,224.01,249.78,14601.1,29.2022,0.35,2.402,0.6809,0.202,NVDA,True,True,True,True,True,True,"2.0,3.0,5.0",4610.94,3829.62,4298.42,True,True
robust_overlay60_ma100_vol30,100,0.3,regime_adaptive,top3,score,0.8,2,0.65,0.6,2.0,10,7709.21,30.63,1.26,-30.52,6973.74,6192.41,6661.21,188.23,214.0,13362.65,26.7253,0.35,2.354,0.5839,0.203,NVDA,True,True,True,True,True,True,"2.0,3.0,5.0",4402.04,3620.72,4089.51,True,True
robust_overlay70_ma100_vol30,100,0.3,regime_adaptive,top3,sticky_score,0.8,2,0.55,0.7,3.0,10,7580.01,30.5,1.244,-28.57,6844.53,6063.21,6532.0,204.28,230.05,10256.26,30.7688,0.35,2.683,0.6682,0.178,NVDA,True,True,True,True,True,True,"2.0,3.0,5.0",5422.21,4640.89,5109.68,True,True
robust_overlay70_ma100_vol30,100,0.3,regime_adaptive,top3,score,0.8,2,0.55,0.7,3.0,10,7187.88,30.08,1.212,-28.68,6452.41,5671.08,6139.88,211.26,237.03,14601.1,43.8033,0.35,2.402,0.6809,0.202,NVDA,True,True,True,True,True,True,"2.0,3.0,5.0",4610.94,3829.62,4298.42,True,True
robust_overlay60_ma100_vol30,100,0.3,regime_adaptive,top3,score,0.8,2,0.65,0.6,3.0,10,6736.27,29.57,1.224,-30.61,6000.8,5219.47,5688.27,177.56,203.33,13362.65,40.0879,0.35,2.354,0.5839,0.203,NVDA,True,True,True,True,True,True,"2.0,3.0,5.0",4402.04,3620.72,4089.51,True,True
robust_overlay70_ma100_vol30,100,0.3,regime_adaptive,top3,sticky_score,0.8,2,0.55,0.7,5.0,10,6157.69,28.87,1.189,-28.77,5422.21,4640.89,5109.68,186.86,212.64,10256.26,51.2813,0.35,2.683,0.6682,0.178,NVDA,True,True,True,True,True,True,"2.0,3.0,5.0",5422.21,4640.89,5109.68,True,True
robust_overlay70_ma100_vol30,100,0.3,regime_adaptive,top3,score,0.8,2,0.55,0.7,5.0,10,5346.42,27.78,1.136,-28.88,4610.94,3829.62,4298.42,186.77,212.54,14601.1,73.0055,0.35,2.402,0.6809,0.202,NVDA,True,True,True,True,True,True,"2.0,3.0,5.0",4610.94,3829.62,4298.42,True,True
robust_overlay60_ma100_vol30,100,0.3,regime_adaptive,top3,score,0.8,2,0.65,0.6,5.0,10,5137.51,27.47,1.152,-30.8,4402.04,3620.72,4089.51,157.0,182.78,13362.65,66.8132,0.35,2.354,0.5839,0.203,NVDA,True,True,True,True,True,True,"2.0,3.0,5.0",4402.04,3620.72,4089.51,True,True
robust_overlay70_ma100_vol30,100,0.3,regime_adaptive_consensus,top3,score,0.7,1,0.55,0.7,2.0,10,7774.7,30.7,1.28,-32.63,7039.23,6257.9,6726.7,110.74,136.51,21090.54,42.1811,0.35,2.256,0.35,0.156,TSLA,True,True,True,True,True,True,"2.0,3.0,5.0",3372.23,2590.91,3059.7,False,False
robust_overlay60_ma100_vol30,100,0.3,regime_adaptive,top3,sticky_score,0.8,2,0.65,0.6,2.0,10,7671.52,30.59,1.276,-30.5,6936.05,6154.73,6623.52,178.21,203.98,9206.43,18.4129,0.35,2.645,0.5727,0.174,NVDA,True,True,True,True,True,True,2.0,6936.05,6154.73,6623.52,True,False
robust_overlay70_ma100_vol30,100,0.3,regime_adaptive,top3,vol_score,0.8,2,0.55,0.7,2.0,10,7473.74,30.39,1.257,-28.64,6738.27,5956.94,6425.74,201.77,227.54,15118.21,30.2364,0.35,2.432,0.6818,0.198,NVDA,True,True,True,True,True,True,2.0,6738.27,5956.94,6425.74,True,False
robust_overlay70_ma100_vol30,100,0.3,regime_adaptive,top3,equal,0.8,2,0.55,0.7,2.0,10,7350.42,30.25,1.286,-27.72,6614.94,5833.62,6302.41,202.86,228.63,8143.33,16.2867,0.2333,2.993,0.4667,0.187,NVDA,True,True,True,True,True,True,2.0,6614.94,5833.62,6302.41,True,False
robust_overlay60_ma100_vol30,100,0.3,regime_adaptive_consensus,top3,score,0.7,1,0.65,0.6,2.0,10,7212.48,30.1,1.28,-33.57,6477.0,5695.68,6164.47,108.05,133.82,19527.26,39.0545,0.35,2.187,0.35,0.16,TSLA,True,True,True,True,True,True,2.0,6477.0,5695.68,6164.47,True,False
robust_overlay70_ma100_vol30,100,0.3,regime_adaptive_consensus,top3,vol_score,0.7,1,0.55,0.7,2.0,10,6794.44,29.64,1.26,-32.88,6058.97,5277.64,5746.44,109.26,135.03,21016.68,42.0334,0.35,2.266,0.35,0.158,TSLA,True,True,True,True,True,True,2.0,6058.97,5277.64,5746.44,True,False
robust_overlay70_ma100_vol30,100,0.3,regime_adaptive_consensus,top3,sticky_score,0.7,1,0.55,0.7,2.0,10,6732.58,29.56,1.289,-32.32,5997.11,5215.79,5684.58,61.72,87.49,13579.55,27.1591,0.35,2.744,0.35,0.165,TSLA,True,True,True,True,True,True,2.0,5997.11,5215.79,5684.58,True,False
robust_overlay60_ma100_vol30,100,0.3,regime_adaptive,top3,score,0.7,2,0.65,0.6,2.0,10,6682.46,29.51,1.218,-33.87,5946.99,5165.67,5634.46,193.53,219.3,12737.83,25.4757,0.35,2.297,0.5896,0.145,NVDA,True,True,True,True,True,True,2.0,5946.99,5165.67,5634.46,True,False
robust_overlay60_ma100_vol30,100,0.3,regime_adaptive,top3,equal,0.8,2,0.65,0.6,2.0,10,6673.3,29.5,1.285,-30.05,5937.82,5156.5,5625.29,173.91,199.68,7190.0,14.38,0.2,2.993,0.4,0.184,NVDA,True,True,True,True,True,True,2.0,5937.82,5156.5,5625.29,True,False
robust_overlay70_ma100_vol30,100,0.3,regime_adaptive,top3,score,0.7,2,0.55,0.7,2.0,10,6673.17,29.49,1.187,-32.71,5937.69,5156.37,5625.16,227.47,253.24,13839.49,27.679,0.35,2.34,0.6878,0.145,NVDA,True,True,True,True,True,True,2.0,5937.69,5156.37,5625.16,True,False
robust_overlay60_ma100_vol30,100,0.3,regime_adaptive,top3,vol_score,0.8,2,0.65,0.6,2.0,10,6531.97,29.33,1.252,-31.3,5796.49,5015.17,5483.96,166.66,192.44,14191.94,28.3839,0.35,2.363,0.5864,0.201,NVDA,True,True,True,True,True,True,2.0,5796.49,5015.17,5483.96,True,False
robust_overlay50_ma100_vol30,100,0.3,regime_adaptive,top3,sticky_score,0.8,2,0.75,0.5,2.0,10,6513.95,29.31,1.277,-30.91,5778.47,4997.15,5465.94,143.5,169.27,8055.42,16.1108,0.3344,2.624,0.4773,0.17,NVDA,True,True,True,True,True,True,2.0,5778.47,4997.15,5465.94,True,False
robust_overlay50_ma100_vol30,100,0.3,regime_adaptive,top3,score,0.8,2,0.75,0.5,2.0,10,6470.44,29.25,1.258,-30.96,5734.96,4953.64,5422.44,150.36,176.13,11801.7,23.6034,0.35,2.327,0.4866,0.199,NVDA,True,True,True,True,True,True,2.0,5734.96,4953.64,5422.44,True,False
robust_overlay70_ma100_vol30,100,0.3,regime_adaptive_consensus,top3,equal,0.7,1,0.55,0.7,2.0,10,6246.07,28.98,1.291,-30.95,5510.6,4729.27,5198.07,51.52,77.29,10430.0,20.86,0.2333,2.993,0.2333,0.141,TSLA,True,True,True,True,True,True,2.0,5510.6,4729.27,5198.07,True,False
robust_overlay60_ma100_vol30,100,0.3,regime_adaptive_consensus,top3,sticky_score,0.7,1,0.65,0.6,2.0,10,6206.69,28.93,1.281,-33.73,5471.22,4689.9,5158.69,59.96,85.73,12106.42,24.2128,0.35,2.704,0.35,0.169,TSLA,True,True,True,True,True,True,2.0,5471.22,4689.9,5158.69,True,False
robust_overlay50_ma100_vol30,100,0.3,regime_adaptive_consensus,top3,score,0.7,1,0.75,0.5,2.0,10,6201.43,28.92,1.278,-32.88,5465.96,4684.64,5153.43,91.5,117.27,17455.75,34.9115,0.35,2.12,0.35,0.158,TSLA,True,True,True,True,True,True,2.0,5465.96,4684.64,5153.43,True,False
robust_overlay50_ma100_vol30,100,0.3,regime_adaptive,top3,score,0.7,2,0.75,0.5,2.0,10,5965.2,28.62,1.235,-33.75,5229.72,4448.4,4917.19,154.45,180.22,11330.88,22.6618,0.35,2.265,0.4913,0.141,NVDA,True,True,True,True,True,True,2.0,5229.72,4448.4,4917.19,True,False
robust_overlay70_ma100_vol30,100,0.3,regime_adaptive,top3,vol_score,0.7,2,0.55,0.7,2.0,10,5836.79,28.45,1.183,-32.5,5101.31,4319.99,4788.78,204.22,229.99,14099.61,28.1992,0.35,2.377,0.691,0.132,NVDA,True,True,True,True,True,True,2.0,5101.31,4319.99,4788.78,True,False
robust_overlay60_ma100_vol30,100,0.3,regime_adaptive_consensus,top3,equal,0.7,1,0.65,0.6,2.0,10,5785.3,28.38,1.284,-32.49,5049.82,4268.5,4737.29,49.02,74.79,9110.0,18.22,0.2,2.993,0.2,0.139,TSLA,True,True,True,True,True,True,2.0,5049.82,4268.5,4737.29,True,False
robust_overlay50_ma100_vol30,100,0.3,regime_adaptive,top3,equal,0.8,2,0.75,0.5,2.0,10,5696.29,28.26,1.28,-30.47,4960.81,4179.49,4648.28,140.95,166.73,6236.67,12.4733,0.1667,2.993,0.3333,0.18,NVDA,True,True,True,True,True,True,2.0,4960.81,4179.49,4648.28,True,False
robust_overlay60_ma100_vol30,100,0.3,regime_adaptive_consensus,top3,vol_score,0.7,1,0.65,0.6,2.0,10,5561.31,28.08,1.233,-33.76,4825.84,4044.52,4513.31,93.52,119.29,19589.65,39.1793,0.35,2.175,0.35,0.146,TSLA,True,True,True,True,True,True,2.0,4825.84,4044.52,4513.31,True,False
robust_overlay60_ma100_vol30,100,0.3,regime_adaptive,top3,vol_score,0.7,2,0.65,0.6,2.0,10,5433.84,27.9,1.202,-33.66,4698.37,3917.05,4385.84,169.96,195.73,13186.44,26.3729,0.35,2.305,0.5922,0.131,NVDA,True,True,True,True,True,True,2.0,4698.37,3917.05,4385.84,True,False
robust_overlay50_ma100_vol30,100,0.3,regime_adaptive,top3,vol_score,0.8,2,0.75,0.5,2.0,10,5427.11,27.89,1.244,-31.65,4691.64,3910.31,4379.11,134.79,160.56,12660.77,25.3215,0.35,2.323,0.4887,0.203,NVDA,True,True,True,True,True,True,2.0,4691.64,3910.31,4379.11,True,False
robust_overlay50_ma100_vol30,100,0.3,regime_adaptive_consensus,top3,sticky_score,0.7,1,0.75,0.5,2.0,10,5351.6,27.78,1.271,-33.33,4616.13,3834.81,4303.6,52.69,78.47,10594.23,21.1885,0.35,2.667,0.35,0.168,TSLA,True,True,True,True,True,True,2.0,4616.13,3834.81,4303.6,True,False
robust_overlay60_ma100_vol30,100,0.3,regime_adaptive,top3,sticky_score,0.7,2,0.65,0.6,2.0,10,5332.87,27.76,1.177,-33.74,4597.4,3816.08,4284.87,175.97,201.74,8391.49,16.783,0.35,2.636,0.5727,0.137,NVDA,True,True,True,True,True,True,2.0,4597.4,3816.08,4284.87,True,False
robust_overlay50_ma100_vol30,100,0.3,regime_adaptive_consensus,top3,equal,0.7,1,0.75,0.5,2.0,10,5042.56,27.33,1.276,-32.25,4307.09,3525.77,3994.56,42.31,68.08,7790.0,15.58,0.1667,2.993,0.1667,0.136,TSLA,True,True,True,True,True,True,2.0,4307.09,3525.77,3994.56,True,False
robust_overlay70_ma100_vol30,100,0.3,regime_adaptive,top3,score,0.7,1,0.55,0.7,2.0,10,4876.35,27.07,1.171,-32.57,4140.88,3359.55,3828.35,98.89,124.66,14326.99,28.654,0.35,2.329,0.35,0.079,AMD,True,True,True,True,True,True,2.0,4140.88,3359.55,3828.35,True,False
robust_overlay70_ma100_vol30,100,0.3,regime_adaptive,top5,sticky_score,0.8,2,0.55,0.7,2.0,10,4859.14,27.04,1.202,-33.45,4123.67,3342.35,3811.14,82.49,108.26,10728.01,21.456,0.35,4.388,0.6124,0.143,NVDA,True,True,True,True,True,True,2.0,4123.67,3342.35,3811.14,True,False
robust_overlay50_ma100_vol30,100,0.3,regime_adaptive,top3,sticky_score,0.7,2,0.75,0.5,2.0,10,4846.33,27.02,1.194,-33.62,4110.86,3329.54,3798.33,142.03,167.8,7375.0,14.75,0.3344,2.611,0.4773,0.133,NVDA,True,True,True,True,True,True,2.0,4110.86,3329.54,3798.33,True,False
robust_overlay60_ma100_vol30,100,0.3,regime_adaptive,top3,score,0.7,1,0.65,0.6,2.0,10,4792.92,26.94,1.184,-34.17,4057.44,3276.12,3744.91,86.93,112.7,13179.86,26.3597,0.35,2.281,0.35,0.083,AMD,True,True,True,True,True,True,2.0,4057.44,3276.12,3744.91,True,False
robust_overlay70_ma100_vol30,100,0.3,regime_adaptive,top5,equal,0.8,2,0.55,0.7,2.0,10,4691.41,26.78,1.238,-32.46,3955.94,3174.61,3643.41,70.13,95.9,8764.0,17.528,0.14,4.988,0.28,0.153,NVDA,True,True,True,True,True,True,2.0,3955.94,3174.61,3643.41,True,False
robust_overlay50_ma100_vol30,100,0.3,regime_adaptive,top3,vol_score,0.7,2,0.75,0.5,2.0,10,4686.94,26.77,1.206,-33.58,3951.46,3170.14,3638.93,138.62,164.39,11870.23,23.7405,0.35,2.251,0.4935,0.127,NVDA,True,True,True,True,True,True,2.0,3951.46,3170.14,3638.93,True,False
robust_overlay60_ma100_vol30,100,0.3,regime_adaptive_consensus,top3,score,0.7,2,0.65,0.6,2.0,10,4665.21,26.73,1.148,-31.47,3929.74,3148.41,3617.21,166.79,192.56,19302.47,38.6049,0.35,2.21,0.5897,0.146,TSLA,True,True,True,True,True,True,2.0,3929.74,3148.41,3617.21,True,False
robust_overlay60_ma100_vol30,100,0.3,regime_adaptive,top5,sticky_score,0.8,2,0.65,0.6,2.0,10,4662.15,26.73,1.206,-34.98,3926.68,3145.35,3614.15,75.23,101.0,9486.7,18.9734,0.3123,4.387,0.5249,0.14,NVDA,True,True,True,True,True,True,2.0,3926.68,3145.35,3614.15,True,False
robust_overlay70_ma100_vol30,100,0.3,regime_adaptive_consensus,top3,score,0.7,2,0.55,0.7,2.0,10,4661.19,26.73,1.123,-35.14,3925.72,3144.39,3613.19,174.41,200.18,20750.05,41.5001,0.35,2.274,0.6877,0.142,TSLA,True,True,True,True,True,True,2.0,3925.72,3144.39,3613.19,True,False
robust_overlay60_ma100_vol30,100,0.3,regime_adaptive,top3,sticky_score,0.7,1,0.65,0.6,2.0,10,4598.55,26.62,1.194,-34.54,3863.07,3081.75,3550.55,85.96,111.73,8619.94,17.2399,0.35,2.633,0.35,0.083,AMD,True,True,True,True,True,True,2.0,3863.07,3081.75,3550.55,True,False
robust_overlay70_ma100_vol30,100,0.3,regime_adaptive,top3,vol_score,0.7,1,0.55,0.7,2.0,10,4547.73,26.54,1.18,-31.97,3812.26,3030.93,3499.73,86.51,112.28,14790.62,29.5812,0.35,2.357,0.35,0.079,AMD,True,True,True,True,True,True,2.0,3812.26,3030.93,3499.73,True,False
robust_overlay60_ma100_vol30,100,0.3,regime_adaptive,top5,equal,0.8,2,0.65,0.6,2.0,10,4503.72,26.47,1.235,-34.08,3768.25,2986.93,3455.72,64.78,90.55,7752.0,15.504,0.12,4.988,0.24,0.15,NVDA,True,True,True,True,True,True,2.0,3768.25,2986.93,3455.72,True,False
robust_overlay50_ma100_vol30,100,0.3,regime_adaptive_consensus,top3,vol_score,0.7,1,0.75,0.5,2.0,10,4471.51,26.41,1.21,-33.01,3736.03,2954.71,3423.5,70.39,96.17,17698.88,35.3978,0.35,2.077,0.35,0.138,TSLA,True,True,True,True,True,True,2.0,3736.03,2954.71,3423.5,True,False
robust_overlay50_ma100_vol30,100,0.3,regime_adaptive,top3,score,0.7,1,0.75,0.5,2.0,10,4406.91,26.3,1.194,-34.06,3671.44,2890.11,3358.91,68.94,94.71,11718.8,23.4376,0.35,2.249,0.35,0.082,AMD,True,True,True,True,True,True,2.0,3671.44,2890.11,3358.91,True,False
robust_overlay60_ma100_vol30,100,0.3,regime_adaptive,top3,vol_score,0.7,1,0.65,0.6,2.0,10,4263.54,26.05,1.18,-33.86,3528.07,2746.74,3215.54,74.6,100.37,13768.6,27.5372,0.35,2.279,0.35,0.069,AMD,True,True,True,True,True,True,2.0,3528.07,2746.74,3215.54,True,False
robust_overlay50_ma100_vol30,100,0.3,regime_adaptive_consensus,top3,score,0.7,2,0.75,0.5,2.0,10,4249.69,26.03,1.161,-31.18,3514.22,2732.89,3201.69,140.81,166.58,17264.39,34.5288,0.35,2.15,0.4914,0.146,TSLA,True,True,True,True,True,True,2.0,3514.22,2732.89,3201.69,True,False
robust_overlay70_ma100_vol30,100,0.3,regime_adaptive,top3,equal,0.7,2,0.55,0.7,2.0,10,4233.27,26.0,1.143,-30.7,3497.8,2716.48,3185.27,192.5,218.27,6883.33,13.7667,0.2333,2.993,0.4667,0.126,NVDA,True,True,True,True,True,True,2.0,3497.8,2716.48,3185.27,True,False
robust_overlay50_ma100_vol30,100,0.3,regime_adaptive,top5,sticky_score,0.8,2,0.75,0.5,2.0,10,4207.37,25.95,1.207,-34.73,3471.9,2690.57,3159.37,63.53,89.3,8243.5,16.487,0.2603,4.387,0.4374,0.137,NVDA,True,True,True,True,True,True,2.0,3471.9,2690.57,3159.37,True,False
robust_overlay50_ma100_vol30,100,0.3,regime_adaptive,top3,sticky_score,0.7,1,0.75,0.5,2.0,10,4204.43,25.95,1.2,-34.46,3468.96,2687.63,3156.43,69.9,95.67,7565.16,15.1303,0.35,2.611,0.35,0.081,AMD,True,True,True,True,True,True,2.0,3468.96,2687.63,3156.43,True,False
robust_overlay60_ma100_vol30,100,0.3,regime_adaptive,top3,equal,0.7,2,0.65,0.6,2.0,10,4181.1,25.9,1.16,-32.53,3445.63,2664.31,3133.1,165.6,191.37,6076.67,12.1533,0.2,2.993,0.4,0.124,NVDA,True,True,True,True,True,True,2.0,3445.63,2664.31,3133.1,True,False
robust_overlay70_ma100_vol30,100,0.3,regime_adaptive_consensus,top3,sticky_score,0.7,2,0.55,0.7,2.0,10,4156.06,25.86,1.116,-38.32,3420.59,2639.26,3108.06,103.5,129.27,13335.19,26.6704,0.35,2.766,0.6682,0.17,TSLA,True,True,True,True,True,True,2.0,3420.59,2639.26,3108.06,True,False
robust_overlay60_ma100_vol30,100,0.3,regime_adaptive_consensus,top3,sticky_score,0.7,2,0.65,0.6,2.0,10,4129.32,25.81,1.133,-34.3,3393.85,2612.53,3081.32,99.11,124.88,11930.04,23.8601,0.3356,2.736,0.5727,0.172,TSLA,True,True,True,True,True,True,2.0,3393.85,2612.53,3081.32,True,False
robust_overlay50_ma100_vol30,100,0.3,regime_adaptive,top5,equal,0.8,2,0.75,0.5,2.0,10,4071.3,25.7,1.23,-33.9,3335.83,2554.5,3023.3,55.11,80.88,6740.0,13.48,0.1,4.988,0.2,0.147,NVDA,True,True,True,True,True,True,2.0,3335.83,2554.5,3023.3,True,False
robust_overlay70_ma100_vol30,100,0.3,regime_adaptive,top5,score,0.8,2,0.55,0.7,2.0,10,3989.7,25.55,1.136,-33.74,3254.22,2472.9,2941.69,63.08,88.85,15241.1,30.4822,0.3144,4.003,0.6124,0.156,NVDA,True,True,True,True,True,True,2.0,3254.22,2472.9,2941.69,True,False
robust_overlay70_ma100_vol30,100,0.3,regime_adaptive_consensus,top3,vol_score,0.7,2,0.55,0.7,2.0,10,3983.9,25.54,1.094,-36.18,3248.43,2467.11,2935.9,160.23,186.0,20773.46,41.5469,0.35,2.279,0.69,0.142,TSLA,True,True,True,True,True,True,2.0,3248.43,2467.11,2935.9,True,False
robust_overlay60_ma100_vol30,100,0.3,regime_adaptive,top5,score,0.8,2,0.65,0.6,2.0,10,3914.41,25.41,1.146,-35.23,3178.94,2397.61,2866.41,58.92,84.69,13475.59,26.9512,0.2695,4.003,0.5249,0.153,NVDA,True,True,True,True,True,True,2.0,3178.94,2397.61,2866.41,True,False
robust_overlay50_ma100_vol30,100,0.3,regime_adaptive,top3,equal,0.7,2,0.75,0.5,2.0,10,3881.54,25.34,1.174,-32.54,3146.07,2364.74,2833.54,134.58,160.35,5270.0,10.54,0.1667,2.993,0.3333,0.121,NVDA,True,True,True,True,True,True,2.0,3146.07,2364.74,2833.54,True,False
robust_overlay60_ma100_vol30,100,0.3,regime_adaptive,top3,vol_score,0.8,1,0.65,0.6,2.0,10,3838.34,25.26,1.138,-35.95,3102.86,2321.54,2790.33,67.04,92.81,14707.43,29.4149,0.35,2.336,0.35,0.141,NFLX,True,True,True,True,True,True,2.0,3102.86,2321.54,2790.33,True,False
robust_overlay50_ma100_vol30,100,0.3,regime_adaptive,top3,vol_score,0.7,1,0.75,0.5,2.0,10,3821.87,25.23,1.18,-33.94,3086.4,2305.07,2773.87,62.91,88.68,12349.22,24.6984,0.35,2.214,0.35,0.071,NFLX,True,True,True,True,True,True,2.0,3086.4,2305.07,2773.87,True,False
robust_overlay60_ma100_vol30,100,0.3,regime_adaptive_consensus,top3,vol_score,0.7,2,0.65,0.6,2.0,10,3814.25,25.21,1.11,-32.45,3078.78,2297.45,2766.25,142.66,168.43,19377.83,38.7557,0.35,2.194,0.5926,0.133,TSLA,True,True,True,True,True,True,2.0,3078.78,2297.45,2766.25,True,False
robust_overlay50_ma100_vol30,100,0.3,regime_adaptive_consensus,top3,sticky_score,0.7,2,0.75,0.5,2.0,10,3770.35,25.13,1.141,-33.17,3034.88,2253.55,2722.35,85.42,111.19,10408.23,20.8165,0.307,2.707,0.4773,0.171,TSLA,True,True,True,True,True,True,2.0,3034.88,2253.55,2722.35,True,False
robust_overlay60_ma100_vol30,100,0.3,regime_adaptive_consensus,top3,equal,0.7,2,0.65,0.6,2.0,10,3641.25,24.87,1.11,-36.34,2905.78,2124.46,2593.25,80.49,106.26,8650.0,17.3,0.2,2.993,0.4,0.15,TSLA,True,True,True,True,True,True,2.0,2905.78,2124.46,2593.25,True,False
robust_overlay70_ma100_vol30,100,0.3,regime_adaptive,top5,sticky_score,0.7,2,0.55,0.7,2.0,10,3617.5,24.82,1.131,-33.45,2882.02,2100.7,2569.49,89.86,115.63,9602.3,19.2046,0.3098,4.368,0.6124,0.119,NVDA,True,True,True,True,True,True,2.0,2882.02,2100.7,2569.49,True,False
robust_overlay70_ma100_vol30,100,0.3,regime_adaptive_consensus,top3,equal,0.7,2,0.55,0.7,2.0,10,3617.32,24.82,1.09,-40.3,2881.85,2100.53,2569.32,87.22,112.99,9916.67,19.8333,0.2333,2.993,0.4667,0.153,TSLA,True,True,True,True,True,True,2.0,2881.85,2100.53,2569.32,True,False
robust_overlay50_ma100_vol30,100,0.3,regime_adaptive,top5,score,0.8,2,0.75,0.5,2.0,10,3615.46,24.81,1.153,-34.94,2879.98,2098.66,2567.45,50.41,76.18,11710.08,23.4202,0.2246,4.003,0.4374,0.149,NVDA,True,True,True,True,True,True,2.0,2879.98,2098.66,2567.45,True,False
robust_overlay60_ma100_vol30,100,0.3,regime_adaptive,top5,score,0.7,2,0.65,0.6,2.0,10,3609.95,24.8,1.129,-35.23,2874.47,2093.15,2561.95,65.03,90.8,12639.56,25.2791,0.3105,3.91,0.5249,0.108,NVDA,True,True,True,True,True,True,2.0,2874.47,2093.15,2561.95,True,False
robust_overlay70_ma100_vol30,100,0.3,regime_adaptive,top5,score,0.7,2,0.55,0.7,2.0,10,3606.45,24.8,1.115,-33.74,2870.98,2089.66,2558.45,70.71,96.48,14313.08,28.6262,0.35,3.911,0.6124,0.11,NVDA,True,True,True,True,True,True,2.0,2870.98,2089.66,2558.45,True,False
robust_overlay60_ma100_vol30,100,0.3,regime_adaptive,top5,sticky_score,0.7,2,0.65,0.6,2.0,10,3606.29,24.8,1.143,-34.98,2870.82,2089.49,2558.29,80.59,106.36,8464.92,16.9298,0.2682,4.368,0.5249,0.116,NVDA,True,True,True,True,True,True,2.0,2870.82,2089.49,2558.29,True,False
robust_overlay50_ma100_vol30,100,0.3,regime_adaptive,top3,vol_score,0.8,1,0.75,0.5,2.0,10,3577.05,24.73,1.154,-35.38,2841.58,2060.26,2529.05,55.37,81.14,13127.35,26.2547,0.35,2.29,0.35,0.14,NFLX,True,True,True,True,True,True,2.0,2841.58,2060.26,2529.05,True,False
robust_overlay70_ma100_vol30,100,0.3,regime_adaptive,top5,vol_score,0.8,2,0.55,0.7,2.0,10,3510.95,24.6,1.134,-33.5,2775.48,1994.16,2462.95,54.32,80.09,16845.9,33.6918,0.35,3.854,0.6124,0.137,NVDA,True,True,True,True,True,True,2.0,2775.48,1994.16,2462.95,True,False
robust_overlay60_ma100_vol30,100,0.3,regime_adaptive,top5,vol_score,0.8,2,0.65,0.6,2.0,10,3498.82,24.57,1.144,-35.01,2763.35,1982.03,2450.82,51.78,77.55,14868.96,29.7379,0.3499,3.85,0.5249,0.134,NVDA,True,True,True,True,True,True,2.0,2763.35,1982.03,2450.82,True,False
robust_overlay50_ma100_vol30,100,0.3,regime_adaptive_consensus,top3,vol_score,0.7,2,0.75,0.5,2.0,10,3447.99,24.46,1.118,-31.1,2712.52,1931.2,2399.99,110.66,136.44,17562.02,35.124,0.35,2.097,0.495,0.126,TSLA,True,True,True,True,True,True,2.0,2712.52,1931.2,2399.99,True,False
robust_overlay50_ma100_vol30,100,0.3,regime_adaptive_consensus,top3,equal,0.7,2,0.75,0.5,2.0,10,3447.19,24.46,1.127,-33.83,2711.72,1930.39,2399.19,69.21,94.98,7383.33,14.7667,0.1667,2.993,0.3333,0.146,TSLA,True,True,True,True,True,True,2.0,2711.72,1930.39,2399.19,True,False
robust_overlay60_ma100_vol30,100,0.3,regime_adaptive_consensus,top3,score,0.8,1,0.65,0.6,2.0,10,3445.69,24.46,1.083,-30.22,2710.21,1928.89,2397.68,0.33,26.1,21790.43,43.5809,0.35,2.266,0.35,0.157,AMD,True,True,True,True,True,True,2.0,2710.21,1928.89,2397.68,True,False
robust_overlay50_ma100_vol30,100,0.3,regime_adaptive,top5,score,0.7,2,0.75,0.5,2.0,10,3402.04,24.36,1.141,-34.94,2666.57,1885.25,2354.04,55.23,81.0,10962.24,21.9245,0.2587,3.91,0.4374,0.105,NVDA,True,True,True,True,True,True,2.0,2666.57,1885.25,2354.04,True,False
robust_overlay50_ma100_vol30,100,0.3,regime_adaptive,top5,sticky_score,0.7,2,0.75,0.5,2.0,10,3384.73,24.32,1.152,-34.73,2649.26,1867.94,2336.73,67.05,92.82,7330.06,14.6601,0.2235,4.368,0.4374,0.113,NVDA,True,True,True,True,True,True,2.0,2649.26,1867.94,2336.73,True,False
robust_overlay50_ma100_vol30,100,0.3,regime_adaptive_consensus,top3,equal,0.8,1,0.75,0.5,2.0,10,3375.83,24.3,1.171,-29.16,2640.35,1859.03,2327.82,1.25,27.02,10266.67,20.5333,0.1667,2.993,0.1667,0.124,AMD,True,True,True,True,True,True,2.0,2640.35,1859.03,2327.82,True,False
robust_overlay60_ma100_vol30,100,0.3,regime_adaptive,top5,equal,0.7,2,0.65,0.6,2.0,10,3311.31,24.16,1.16,-34.08,2575.84,1794.52,2263.31,63.15,88.92,6440.0,12.88,0.12,4.988,0.24,0.107,NVDA,True,True,True,True,True,True,2.0,2575.84,1794.52,2263.31,True,False
robust_overlay50_ma100_vol30,100,0.3,regime_adaptive_consensus,top3,score,0.8,1,0.75,0.5,2.0,10,3305.92,24.15,1.106,-30.07,2570.45,1789.12,2257.92,7.51,33.28,19200.99,38.402,0.35,2.219,0.35,0.15,AMD,True,True,True,True,True,True,2.0,2570.45,1789.12,2257.92,True,False
robust_overlay50_ma100_vol30,100,0.3,regime_adaptive,top5,vol_score,0.8,2,0.75,0.5,2.0,10,3287.22,24.11,1.15,-34.74,2551.74,1770.42,2239.21,44.5,70.27,12873.17,25.7463,0.2916,3.85,0.4374,0.131,NVDA,True,True,True,True,True,True,2.0,2551.74,1770.42,2239.21,True,False
robust_overlay70_ma100_vol30,100,0.3,regime_adaptive,top5,equal,0.7,2,0.55,0.7,2.0,10,3286.43,24.11,1.153,-32.46,2550.95,1769.63,2238.42,68.84,94.61,7308.0,14.616,0.14,4.988,0.28,0.109,NVDA,True,True,True,True,True,True,2.0,2550.95,1769.63,2238.42,True,False
robust_overlay60_ma100_vol30,100,0.3,regime_adaptive,top5,equal,0.8,1,0.65,0.6,2.0,10,3218.3,23.95,1.152,-34.03,2482.83,1701.51,2170.3,32.35,58.12,7996.0,15.992,0.12,4.988,0.12,0.107,NFLX,True,True,True,True,True,True,2.0,2482.83,1701.51,2170.3,True,False
robust_overlay70_ma100_vol30,100,0.3,regime_adaptive,top5,equal,0.8,1,0.55,0.7,2.0,10,3184.16,23.87,1.146,-32.38,2448.69,1667.37,2136.16,31.94,57.71,8988.0,17.976,0.14,4.988,0.14,0.109,NFLX,True,True,True,True,True,True,2.0,2448.69,1667.37,2136.16,True,False
robust_overlay60_ma100_vol30,100,0.3,regime_adaptive,top5,sticky_score,0.8,1,0.65,0.6,2.0,10,3154.92,23.81,1.114,-35.94,2419.44,1638.12,2106.91,42.23,68.0,9668.44,19.3369,0.3039,4.23,0.3039,0.11,NFLX,True,True,True,True,True,True,2.0,2419.44,1638.12,2106.91,True,False
robust_overlay50_ma100_vol30,100,0.3,regime_adaptive,top5,equal,0.7,2,0.75,0.5,2.0,10,3141.29,23.77,1.166,-33.9,2405.82,1624.49,2093.29,53.21,78.98,5572.0,11.144,0.1,4.988,0.2,0.104,NVDA,True,True,True,True,True,True,2.0,2405.82,1624.49,2093.29,True,False
robust_overlay60_ma100_vol30,100,0.3,regime_adaptive,top5,vol_score,0.7,2,0.65,0.6,2.0,10,3122.54,23.73,1.115,-35.01,2387.07,1605.75,2074.54,59.46,85.23,13896.56,27.7931,0.3404,3.762,0.5249,0.099,NVDA,True,True,True,True,True,True,2.0,2387.07,1605.75,2074.54,True,False
robust_overlay70_ma100_vol30,100,0.3,regime_adaptive,top5,sticky_score,0.8,1,0.55,0.7,2.0,10,3118.28,23.72,1.101,-34.52,2382.81,1601.48,2070.28,43.93,69.7,10891.37,21.7827,0.35,4.231,0.35,0.113,NFLX,True,True,True,True,True,True,2.0,2382.81,1601.48,2070.28,True,False
robust_overlay60_ma100_vol30,100,0.3,regime_adaptive,top5,sticky_score,0.7,1,0.65,0.6,2.0,10,3108.56,23.7,1.1,-35.95,2373.09,1591.77,2060.56,59.76,85.53,8565.02,17.13,0.3052,4.272,0.3052,0.123,TSLA,True,True,True,True,True,True,2.0,2373.09,1591.77,2060.56,True,False
robust_overlay60_ma100_vol30,100,0.3,regime_adaptive_consensus,top3,equal,0.8,2,0.65,0.6,2.0,10,3091.04,23.66,1.103,-31.68,2355.57,1574.25,2043.04,44.62,70.39,11503.33,23.0067,0.2,2.993,0.4,0.121,TSLA,True,True,True,True,True,True,2.0,2355.57,1574.25,2043.04,True,False
robust_overlay60_ma100_vol30,100,0.3,regime_adaptive,top5,score,0.7,1,0.65,0.6,2.0,10,3086.29,23.64,1.083,-36.15,2350.82,1569.49,2038.29,54.58,80.35,12584.76,25.1695,0.324,3.84,0.324,0.125,TSLA,True,True,True,True,True,True,2.0,2350.82,1569.49,2038.29,True,False
robust_overlay50_ma100_vol30,100,0.3,regime_adaptive,top5,equal,0.8,1,0.75,0.5,2.0,10,3063.74,23.59,1.157,-33.87,2328.27,1546.94,2015.74,28.79,54.57,7004.0,14.008,0.1,4.988,0.1,0.104,NFLX,True,True,True,True,True,True,2.0,2328.27,1546.94,2015.74,True,False
robust_overlay70_ma100_vol30,100,0.3,regime_adaptive,top5,sticky_score,0.7,1,0.55,0.7,2.0,10,3055.54,23.57,1.085,-34.53,2320.07,1538.75,2007.54,65.31,91.08,9687.89,19.3758,0.3313,4.273,0.3313,0.126,TSLA,True,True,True,True,True,True,2.0,2320.07,1538.75,2007.54,True,False
robust_overlay70_ma100_vol30,100,0.3,regime_adaptive,top5,vol_score,0.7,2,0.55,0.7,2.0,10,3051.21,23.56,1.099,-33.5,2315.74,1534.41,2003.21,63.68,89.45,15766.52,31.533,0.35,3.765,0.6124,0.102,NVDA,True,True,True,True,True,True,2.0,2315.74,1534.41,2003.21,True,False
robust_overlay70_ma100_vol30,100,0.3,regime_adaptive,top5,score,0.7,1,0.55,0.7,2.0,10,3036.31,23.52,1.065,-34.77,2300.84,1519.52,1988.31,58.76,84.53,14227.43,28.4549,0.35,3.841,0.35,0.127,TSLA,True,True,True,True,True,True,2.0,2300.84,1519.52,1988.31,True,False
robust_overlay50_ma100_vol30,100,0.3,regime_adaptive,top5,sticky_score,0.8,1,0.75,0.5,2.0,10,3008.52,23.46,1.125,-35.6,2273.05,1491.73,1960.52,36.36,62.13,8438.37,16.8767,0.2532,4.23,0.2532,0.107,NFLX,True,True,True,True,True,True,2.0,2273.05,1491.73,1960.52,True,False
robust_overlay50_ma100_vol30,100,0.3,regime_adaptive,top5,vol_score,0.7,2,0.75,0.5,2.0,10,2992.92,23.42,1.127,-34.74,2257.45,1476.13,1944.92,50.57,76.35,12011.63,24.0233,0.2836,3.762,0.4374,0.096,NVDA,True,True,True,True,True,True,2.0,2257.45,1476.13,1944.92,True,False
robust_overlay50_ma100_vol30,100,0.3,regime_adaptive_consensus,top3,equal,0.8,2,0.75,0.5,2.0,10,2989.39,23.41,1.123,-31.36,2253.92,1472.6,1941.39,39.42,65.19,9870.0,19.74,0.1667,2.993,0.3333,0.118,TSLA,True,True,True,True,True,True,2.0,2253.92,1472.6,1941.39,True,False
robust_overlay50_ma100_vol30,100,0.3,regime_adaptive,top5,sticky_score,0.7,1,0.75,0.5,2.0,10,2979.55,23.39,1.113,-35.61,2244.08,1462.75,1931.55,49.93,75.7,7439.6,14.8792,0.2544,4.272,0.2544,0.119,TSLA,True,True,True,True,True,True,2.0,2244.08,1462.75,1931.55,True,False
robust_overlay50_ma100_vol30,100,0.3,regime_adaptive,top5,score,0.7,1,0.75,0.5,2.0,10,2955.88,23.33,1.098,-35.77,2220.4,1439.08,1907.87,46.18,71.95,10938.18,21.8764,0.27,3.84,0.27,0.121,TSLA,True,True,True,True,True,True,2.0,2220.4,1439.08,1907.87,True,False
robust_overlay60_ma100_vol30,100,0.3,regime_adaptive_consensus,top3,sticky_score,0.8,2,0.65,0.6,2.0,10,2894.28,23.17,1.066,-32.41,2158.81,1377.49,1846.28,46.23,72.0,14271.24,28.5425,0.35,2.758,0.5727,0.122,TSLA,True,True,True,True,True,True,2.0,2158.81,1377.49,1846.28,True,False
robust_overlay60_ma100_vol30,100,0.3,regime_adaptive,top5,equal,0.7,1,0.65,0.6,2.0,10,2867.21,23.1,1.111,-34.03,2131.74,1350.41,1819.21,36.04,61.81,6664.0,13.328,0.12,4.988,0.12,0.129,TSLA,True,True,True,True,True,True,2.0,2131.74,1350.41,1819.21,True,False
robust_overlay60_ma100_vol30,100,0.3,regime_adaptive,top5,score,0.8,1,0.65,0.6,2.0,10,2820.98,22.99,1.069,-36.15,2085.51,1304.18,1772.98,37.85,63.62,13647.43,27.2949,0.324,3.888,0.324,0.111,NFLX,True,True,True,True,True,True,2.0,2085.51,1304.18,1772.98,True,False
robust_overlay70_ma100_vol30,100,0.3,regime_adaptive_consensus,top3,sticky_score,0.8,2,0.55,0.7,2.0,10,2813.75,22.97,1.041,-32.32,2078.28,1296.96,1765.75,46.79,72.56,15962.56,31.9251,0.35,2.786,0.6682,0.123,TSLA,True,True,True,True,True,True,2.0,2078.28,1296.96,1765.75,True,False
robust_overlay50_ma100_vol30,100,0.3,regime_adaptive_consensus,top3,sticky_score,0.8,2,0.75,0.5,2.0,10,2813.31,22.97,1.087,-32.25,2077.84,1296.52,1765.31,43.59,69.36,12405.31,24.8106,0.3033,2.737,0.4773,0.121,TSLA,True,True,True,True,True,True,2.0,2077.84,1296.52,1765.31,True,False
robust_overlay50_ma100_vol30,100,0.3,regime_adaptive,top5,equal,0.7,1,0.75,0.5,2.0,10,2807.44,22.95,1.124,-33.87,2071.97,1290.64,1759.44,31.48,57.25,5796.0,11.592,0.1,4.988,0.1,0.125,TSLA,True,True,True,True,True,True,2.0,2071.97,1290.64,1759.44,True,False
robust_overlay50_ma100_vol30,100,0.3,regime_adaptive_consensus,top5,equal,0.7,2,0.75,0.5,2.0,10,2802.41,22.94,1.128,-32.69,2066.94,1285.61,1754.41,14.11,39.88,7540.0,15.08,0.1,4.988,0.2,0.1,TSLA,True,True,True,True,True,True,2.0,2066.94,1285.61,1754.41,True,False
robust_overlay70_ma100_vol30,100,0.3,regime_adaptive,top5,equal,0.7,1,0.55,0.7,2.0,10,2758.06,22.82,1.097,-32.38,2022.58,1241.26,1710.05,36.6,62.37,7532.0,15.064,0.14,4.988,0.14,0.132,TSLA,True,True,True,True,True,True,2.0,2022.58,1241.26,1710.05,True,False
robust_overlay70_ma100_vol30,100,0.3,regime_adaptive,top5,score,0.8,1,0.55,0.7,2.0,10,2754.23,22.81,1.051,-34.77,2018.76,1237.44,1706.23,38.9,64.67,15395.58,30.7912,0.35,3.89,0.35,0.113,NFLX,True,True,True,True,True,True,2.0,2018.76,1237.44,1706.23,True,False
robust_overlay60_ma100_vol30,100,0.3,regime_adaptive,top5,vol_score,0.7,1,0.65,0.6,2.0,10,2735.71,22.76,1.073,-35.37,2000.24,1218.91,1687.71,43.86,69.64,13782.89,27.5658,0.35,3.694,0.35,0.102,TSLA,True,True,True,True,True,True,2.0,2000.24,1218.91,1687.71,True,False
robust_overlay50_ma100_vol30,100,0.3,regime_adaptive,top5,score,0.8,1,0.75,0.5,2.0,10,2720.88,22.72,1.084,-35.77,1985.41,1204.08,1672.88,32.71,58.48,11897.75,23.7955,0.27,3.888,0.27,0.108,NFLX,True,True,True,True,True,True,2.0,1985.41,1204.08,1672.88,True,False
robust_overlay50_ma100_vol30,100,0.3,regime_adaptive,top5,vol_score,0.7,1,0.75,0.5,2.0,10,2664.69,22.57,1.089,-35.1,1929.22,1147.89,1616.69,37.3,63.08,11942.51,23.885,0.3136,3.693,0.3136,0.099,TSLA,True,True,True,True,True,True,2.0,1929.22,1147.89,1616.69,True,False
robust_overlay70_ma100_vol30,100,0.3,regime_adaptive,top5,vol_score,0.7,1,0.55,0.7,2.0,10,2633.3,22.49,1.054,-33.87,1897.83,1116.51,1585.3,46.37,72.14,15583.49,31.167,0.35,3.701,0.35,0.104,TSLA,True,True,True,True,True,True,2.0,1897.83,1116.51,1585.3,True,False
robust_overlay50_ma100_vol30,100,0.3,regime_adaptive_consensus,top3,vol_score,0.8,1,0.75,0.5,2.0,10,2608.84,22.42,1.053,-29.61,1873.36,1092.04,1560.83,3.04,28.81,19332.64,38.6653,0.35,2.163,0.35,0.11,AMD,True,True,True,True,True,True,2.0,1873.36,1092.04,1560.83,True,False
robust_overlay60_ma100_vol30,100,0.3,regime_adaptive,top5,vol_score,0.8,1,0.65,0.6,2.0,10,2318.03,21.57,1.042,-35.37,1582.56,801.24,1270.03,28.39,54.16,14845.96,29.6919,0.35,3.76,0.35,0.109,NFLX,True,True,True,True,True,True,2.0,1582.56,801.24,1270.03,True,False
robust_overlay50_ma100_vol30,100,0.3,regime_adaptive,top5,vol_score,0.8,1,0.75,0.5,2.0,10,2298.15,21.51,1.06,-35.1,1562.68,781.36,1250.15,24.71,50.48,12896.02,25.792,0.3111,3.759,0.3111,0.106,NFLX,True,True,True,True,True,True,2.0,1562.68,781.36,1250.15,True,False
robust_overlay70_ma100_vol30,100,0.3,regime_adaptive,top5,vol_score,0.8,1,0.55,0.7,2.0,10,2196.94,21.19,1.022,-33.87,1461.46,680.14,1148.93,28.14,53.91,16758.0,33.516,0.35,3.766,0.35,0.112,NFLX,True,True,True,True,True,True,2.0,1461.46,680.14,1148.93,True,False
robust_overlay70_ma100_vol30,100,0.3,regime_adaptive_consensus,top3,score,0.7,1,0.55,0.7,3.0,10,6291.1,29.03,1.224,-32.77,5555.63,4774.3,5243.1,96.09,121.86,21090.54,63.2716,0.35,2.256,0.35,0.156,TSLA,False,True,True,True,True,True,"2.0,3.0,5.0",3372.23,2590.91,3059.7,False,False
robust_overlay70_ma100_vol30,100,0.3,regime_adaptive,top3,sticky_score,0.7,2,0.55,0.7,2.0,10,5332.72,27.76,1.15,-32.86,4597.25,3815.93,4284.72,205.48,231.25,9332.48,18.665,0.35,2.67,0.6682,0.14,NVDA,False,True,True,True,True,True,2.0,4597.25,3815.93,4284.72,False,False
robust_overlay70_ma100_vol30,100,0.3,regime_adaptive,top3,sticky_score,0.8,1,0.55,0.7,2.0,10,5221.35,27.59,1.19,-34.92,4485.88,3704.55,4173.35,82.63,108.4,10746.39,21.4928,0.35,2.678,0.35,0.121,NFLX,False,True,True,True,True,True,2.0,4485.88,3704.55,4173.35,False,False
robust_overlay60_ma100_vol30,100,0.3,regime_adaptive,top3,sticky_score,0.8,1,0.65,0.6,2.0,10,5090.74,27.4,1.202,-36.35,4355.27,3573.94,4042.74,72.5,98.27,9650.1,19.3002,0.35,2.641,0.35,0.117,NFLX,False,True,True,True,True,True,2.0,4355.27,3573.94,4042.74,False,False
robust_overlay70_ma100_vol30,100,0.3,regime_adaptive,top3,sticky_score,0.7,1,0.55,0.7,2.0,10,4700.97,26.79,1.186,-32.92,3965.5,3184.17,3652.97,95.32,121.09,9594.06,19.1881,0.35,2.673,0.35,0.083,AMD,False,True,True,True,True,True,2.0,3965.5,3184.17,3652.97,False,False
robust_overlay70_ma100_vol30,100,0.3,regime_adaptive,top3,equal,0.8,1,0.55,0.7,2.0,10,4627.66,26.67,1.2,-33.47,3892.18,3110.86,3579.66,105.16,130.93,8610.0,17.22,0.2333,2.993,0.2333,0.17,NFLX,False,True,True,True,True,True,2.0,3892.18,3110.86,3579.66,False,False
robust_overlay60_ma100_vol30,100,0.3,regime_adaptive,top3,score,0.8,1,0.65,0.6,2.0,10,4600.08,26.63,1.152,-36.51,3864.61,3083.29,3552.08,76.71,102.48,13945.91,27.8918,0.35,2.336,0.35,0.127,NFLX,False,True,True,True,True,True,2.0,3864.61,3083.29,3552.08,False,False
robust_overlay50_ma100_vol30,100,0.3,regime_adaptive,top3,sticky_score,0.8,1,0.75,0.5,2.0,10,4582.96,26.6,1.21,-36.05,3847.49,3066.16,3534.96,60.34,86.11,8448.94,16.8979,0.35,2.626,0.35,0.113,NFLX,False,True,True,True,True,True,2.0,3847.49,3066.16,3534.96,False,False
robust_overlay70_ma100_vol30,100,0.3,regime_adaptive,top3,score,0.8,1,0.55,0.7,2.0,10,4571.99,26.58,1.13,-35.08,3836.52,3055.2,3523.99,90.72,116.49,15186.11,30.3722,0.35,2.38,0.35,0.131,NFLX,False,True,True,True,True,True,2.0,3836.52,3055.2,3523.99,False,False
robust_overlay60_ma100_vol30,100,0.3,regime_adaptive,top3,equal,0.8,1,0.65,0.6,2.0,10,4466.79,26.4,1.206,-35.18,3731.31,2949.99,3418.78,94.38,120.15,7623.33,15.2467,0.2,2.993,0.2,0.167,NFLX,False,True,True,True,True,True,2.0,3731.31,2949.99,3418.78,False,False
robust_overlay70_ma100_vol30,100,0.3,regime_adaptive,top3,equal,0.7,1,0.55,0.7,2.0,10,4220.23,25.97,1.184,-33.89,3484.76,2703.44,3172.23,102.97,128.74,7046.67,14.0933,0.2333,2.993,0.2333,0.128,NFLX,False,True,True,True,True,True,2.0,3484.76,2703.44,3172.23,False,False
robust_overlay50_ma100_vol30,100,0.3,regime_adaptive,top3,score,0.8,1,0.75,0.5,2.0,10,4188.42,25.92,1.163,-36.19,3452.95,2671.62,3140.42,62.3,88.07,12293.33,24.5867,0.35,2.316,0.35,0.125,NFLX,False,True,True,True,True,True,2.0,3452.95,2671.62,3140.42,False,False
robust_overlay60_ma100_vol30,100,0.3,regime_adaptive,top3,equal,0.7,1,0.65,0.6,2.0,10,4120.44,25.79,1.19,-35.54,3384.97,2603.64,3072.44,91.46,117.23,6220.0,12.44,0.2,2.993,0.2,0.125,NFLX,False,True,True,True,True,True,2.0,3384.97,2603.64,3072.44,False,False
robust_overlay70_ma100_vol30,100,0.3,regime_adaptive_consensus,top3,score,0.7,1,0.55,0.7,5.0,10,4107.7,25.77,1.113,-33.38,3372.23,2590.91,3059.7,68.58,94.35,21090.54,105.4527,0.35,2.256,0.35,0.156,TSLA,False,True,True,True,True,True,"2.0,3.0,5.0",3372.23,2590.91,3059.7,False,False
robust_overlay50_ma100_vol30,100,0.3,regime_adaptive,top3,equal,0.8,1,0.75,0.5,2.0,10,4057.05,25.68,1.21,-35.09,3321.58,2540.25,3009.05,79.05,104.82,6636.67,13.2733,0.1667,2.993,0.1667,0.163,NFLX,False,True,True,True,True,True,2.0,3321.58,2540.25,3009.05,False,False
robust_overlay70_ma100_vol30,100,0.3,regime_adaptive,top3,vol_score,0.8,1,0.55,0.7,2.0,10,3909.59,25.4,1.119,-34.8,3174.11,2392.79,2861.58,81.58,107.35,15658.33,31.3167,0.35,2.411,0.35,0.143,NFLX,False,True,True,True,True,True,2.0,3174.11,2392.79,2861.58,False,False
robust_overlay50_ma100_vol30,100,0.3,regime_adaptive,top3,equal,0.7,1,0.75,0.5,2.0,10,3787.84,25.16,1.194,-35.38,3052.36,2271.04,2739.83,75.56,101.33,5393.33,10.7867,0.1667,2.993,0.1667,0.122,NFLX,False,True,True,True,True,True,2.0,3052.36,2271.04,2739.83,False,False
robust_overlay60_ma100_vol30,100,0.3,regime_adaptive_consensus,top3,equal,0.8,1,0.65,0.6,2.0,10,3555.14,24.69,1.158,-29.07,2819.67,2038.34,2507.14,-1.1,24.67,11946.67,23.8933,0.2,2.993,0.2,0.127,AMD,False,True,True,True,False,True,2.0,2819.67,2038.34,2507.14,False,False
robust_overlay70_ma100_vol30,100,0.3,regime_adaptive_consensus,top3,equal,0.8,1,0.55,0.7,2.0,10,3520.08,24.62,1.142,-27.13,2784.61,2003.28,2472.08,-6.94,18.83,13626.67,27.2533,0.2333,2.993,0.2333,0.13,AMD,False,True,True,True,False,True,2.0,2784.61,2003.28,2472.08,False,False
robust_overlay70_ma100_vol30,100,0.3,regime_adaptive_consensus,top5,sticky_score,0.7,1,0.55,0.7,2.0,10,3454.05,24.47,1.167,-33.04,2718.58,1937.26,2406.05,17.87,43.64,14179.41,28.3588,0.35,4.441,0.35,0.118,TSLA,False,True,True,True,True,True,2.0,2718.58,1937.26,2406.05,False,False
robust_overlay70_ma100_vol30,100,0.3,regime_adaptive_consensus,top5,score,0.7,1,0.55,0.7,2.0,10,3436.88,24.44,1.123,-34.12,2701.41,1920.09,2388.88,21.99,47.76,22059.95,44.1199,0.35,3.753,0.35,0.126,AMD,False,True,True,True,True,True,2.0,2701.41,1920.09,2388.88,False,False
robust_overlay60_ma100_vol30,100,0.3,regime_adaptive_consensus,top5,sticky_score,0.7,1,0.65,0.6,2.0,10,3431.45,24.43,1.166,-34.63,2695.98,1914.66,2383.45,20.16,45.93,12390.08,24.7802,0.312,4.44,0.312,0.116,TSLA,False,True,True,True,True,True,2.0,2695.98,1914.66,2383.45,False,False
robust_overlay60_ma100_vol30,100,0.3,regime_adaptive_consensus,top5,score,0.7,1,0.65,0.6,2.0,10,3403.59,24.37,1.13,-35.45,2668.12,1886.79,2355.59,24.03,49.8,19338.16,38.6763,0.3319,3.752,0.3319,0.124,AMD,False,True,True,True,True,True,2.0,2668.12,1886.79,2355.59,False,False
robust_overlay70_ma100_vol30,100,0.3,regime_adaptive_consensus,top5,equal,0.7,1,0.55,0.7,2.0,10,3325.14,24.19,1.19,-32.17,2589.66,1808.34,2277.13,12.61,38.38,10864.0,21.728,0.14,4.988,0.14,0.11,AMD,False,True,True,True,True,True,2.0,2589.66,1808.34,2277.13,False,False
robust_overlay60_ma100_vol30,100,0.3,regime_adaptive_consensus,top5,equal,0.7,1,0.65,0.6,2.0,10,3313.52,24.17,1.182,-33.91,2578.05,1796.72,2265.52,15.77,41.54,9504.0,19.008,0.12,4.988,0.12,0.107,AMD,False,True,True,True,True,True,2.0,2578.05,1796.72,2265.52,False,False
robust_overlay70_ma100_vol30,100,0.3,regime_adaptive_consensus,top3,score,0.8,1,0.55,0.7,2.0,10,3307.37,24.15,1.051,-29.12,2571.9,1790.57,2259.37,-6.98,18.79,23734.92,47.4698,0.35,2.331,0.35,0.162,AMD,False,True,True,True,False,True,2.0,2571.9,1790.57,2259.37,False,False
robust_overlay70_ma100_vol30,100,0.3,regime_adaptive_consensus,top5,score,0.7,2,0.55,0.7,2.0,10,3276.81,24.08,1.091,-30.24,2541.34,1760.01,2228.81,40.09,65.86,20958.24,41.9165,0.35,3.769,0.6124,0.122,TSLA,False,True,True,True,True,True,2.0,2541.34,1760.01,2228.81,False,False
robust_overlay60_ma100_vol30,100,0.3,regime_adaptive_consensus,top5,score,0.7,2,0.65,0.6,2.0,10,3265.78,24.06,1.103,-32.03,2530.3,1748.98,2217.77,39.78,65.55,18384.15,36.7683,0.35,3.766,0.5249,0.121,TSLA,False,True,True,True,True,True,2.0,2530.3,1748.98,2217.77,False,False
robust_overlay50_ma100_vol30,100,0.3,regime_adaptive_consensus,top5,sticky_score,0.7,1,0.75,0.5,2.0,10,3218.18,23.95,1.166,-34.44,2482.71,1701.39,2170.18,18.65,44.42,10607.18,21.2144,0.26,4.44,0.26,0.113,TSLA,False,True,True,True,True,True,2.0,2482.71,1701.39,2170.18,False,False
robust_overlay60_ma100_vol30,100,0.3,regime_adaptive_consensus,top3,sticky_score,0.8,1,0.65,0.6,2.0,10,3199.65,23.91,1.098,-30.69,2464.18,1682.86,2151.65,-6.27,19.5,14697.21,29.3944,0.35,2.72,0.35,0.136,AMD,False,True,True,True,False,True,2.0,2464.18,1682.86,2151.65,False,False
robust_overlay50_ma100_vol30,100,0.3,regime_adaptive_consensus,top5,score,0.7,1,0.75,0.5,2.0,10,3177.38,23.86,1.135,-35.03,2441.91,1660.58,2129.38,22.19,47.96,16606.43,33.2129,0.2766,3.752,0.2766,0.121,AMD,False,True,True,True,True,True,2.0,2441.91,1660.58,2129.38,False,False
robust_overlay60_ma100_vol30,100,0.3,regime_adaptive_consensus,top5,sticky_score,0.7,2,0.65,0.6,2.0,10,3167.36,23.83,1.117,-33.21,2431.88,1650.56,2119.35,21.08,46.85,11680.32,23.3606,0.3158,4.468,0.5249,0.122,TSLA,False,True,True,True,True,True,2.0,2431.88,1650.56,2119.35,False,False
robust_overlay70_ma100_vol30,100,0.3,regime_adaptive_consensus,top3,sticky_score,0.8,1,0.55,0.7,2.0,10,3142.82,23.78,1.078,-28.62,2407.35,1626.03,2094.82,-12.61,13.16,16491.92,32.9838,0.35,2.754,0.35,0.143,AMD,False,True,True,True,False,True,2.0,2407.35,1626.03,2094.82,False,False
robust_overlay70_ma100_vol30,100,0.3,regime_adaptive_consensus,top5,sticky_score,0.7,2,0.55,0.7,2.0,10,3128.73,23.74,1.107,-31.52,2393.25,1611.93,2080.72,18.6,44.37,13377.61,26.7552,0.35,4.47,0.6124,0.124,TSLA,False,True,True,True,True,True,2.0,2393.25,1611.93,2080.72,False,False
robust_overlay50_ma100_vol30,100,0.3,regime_adaptive_consensus,top5,equal,0.7,1,0.75,0.5,2.0,10,3115.09,23.71,1.176,-33.83,2379.62,1598.3,2067.09,15.23,41.01,8144.0,16.288,0.1,4.988,0.1,0.104,AMD,False,True,True,True,True,True,2.0,2379.62,1598.3,2067.09,False,False
robust_overlay50_ma100_vol30,100,0.3,regime_adaptive_consensus,top5,score,0.7,2,0.75,0.5,2.0,10,3065.9,23.6,1.113,-32.0,2330.42,1549.1,2017.89,35.26,61.03,15789.98,31.58,0.2951,3.766,0.4374,0.119,TSLA,False,True,True,True,True,True,2.0,2330.42,1549.1,2017.89,False,False
robust_overlay50_ma100_vol30,100,0.3,regime_adaptive_consensus,top3,sticky_score,0.8,1,0.75,0.5,2.0,10,3062.53,23.59,1.115,-30.57,2327.06,1545.73,2014.53,-0.65,25.12,12794.17,25.5883,0.35,2.695,0.35,0.13,AMD,False,True,True,True,False,True,2.0,2327.06,1545.73,2014.53,False,False
robust_overlay50_ma100_vol30,100,0.3,regime_adaptive_consensus,top5,sticky_score,0.7,2,0.75,0.5,2.0,10,3013.7,23.47,1.125,-33.1,2278.23,1496.9,1965.7,19.67,45.44,9988.69,19.9774,0.2632,4.468,0.4374,0.12,TSLA,False,True,True,True,True,True,2.0,2278.23,1496.9,1965.7,False,False
robust_overlay70_ma100_vol30,100,0.3,regime_adaptive_consensus,top3,equal,0.8,2,0.55,0.7,2.0,10,3003.57,23.44,1.08,-31.43,2268.1,1486.78,1955.57,45.62,71.39,13136.67,26.2733,0.2333,2.993,0.4667,0.123,TSLA,False,True,True,True,True,True,2.0,2268.1,1486.78,1955.57,False,False
robust_overlay60_ma100_vol30,100,0.3,regime_adaptive_consensus,top5,sticky_score,0.8,1,0.65,0.6,2.0,10,2965.03,23.35,1.128,-32.04,2229.56,1448.23,1917.03,10.47,36.24,14877.3,29.7546,0.3157,4.406,0.3157,0.104,TSLA,False,True,True,True,True,True,2.0,2229.56,1448.23,1917.03,False,False
robust_overlay60_ma100_vol30,100,0.3,regime_adaptive_consensus,top5,score,0.8,2,0.65,0.6,2.0,10,2946.86,23.31,1.086,-31.7,2211.39,1430.06,1898.86,48.69,74.46,21003.52,42.007,0.3188,3.896,0.5249,0.101,AMD,False,True,True,True,True,True,2.0,2211.39,1430.06,1898.86,False,False
robust_overlay60_ma100_vol30,100,0.3,regime_adaptive_low_vol,top3,sticky_score,0.7,1,0.65,0.6,2.0,10,2939.7,23.29,1.152,-35.25,2204.22,1422.9,1891.69,20.44,46.21,9929.97,19.8599,0.35,2.634,0.35,0.084,MU,False,True,True,True,True,True,2.0,2204.22,1422.9,1891.69,False,False
robust_overlay50_ma100_vol30,100,0.3,regime_adaptive_low_vol,top3,sticky_score,0.7,1,0.75,0.5,2.0,10,2931.13,23.27,1.164,-35.05,2195.66,1414.33,1883.13,16.84,42.62,8759.19,17.5184,0.35,2.598,0.35,0.081,MU,False,True,True,True,True,True,2.0,2195.66,1414.33,1883.13,False,False
robust_overlay60_ma100_vol30,100,0.3,regime_adaptive_consensus,top5,equal,0.7,2,0.65,0.6,2.0,10,2922.23,23.24,1.123,-32.77,2186.76,1405.44,1874.23,14.64,40.41,8824.0,17.648,0.12,4.988,0.24,0.102,TSLA,False,True,True,True,True,True,2.0,2186.76,1405.44,1874.23,False,False
robust_overlay50_ma100_vol30,100,0.3,regime_adaptive_low_vol,top3,sticky_score,0.7,2,0.75,0.5,2.0,10,2901.96,23.19,1.142,-34.58,2166.49,1385.17,1853.96,66.03,91.8,8703.36,17.4067,0.3237,2.594,0.4842,0.127,NVDA,False,True,True,True,True,True,2.0,2166.49,1385.17,1853.96,False,False
robust_overlay70_ma100_vol30,100,0.3,regime_adaptive_consensus,top5,score,0.8,2,0.55,0.7,2.0,10,2887.15,23.16,1.07,-29.98,2151.68,1370.35,1839.15,50.73,76.51,23986.44,47.9729,0.35,3.897,0.6124,0.103,AMD,False,True,True,True,True,True,2.0,2151.68,1370.35,1839.15,False,False
robust_overlay60_ma100_vol30,100,0.3,regime_adaptive_low_vol,top3,sticky_score,0.7,2,0.65,0.6,2.0,10,2878.56,23.13,1.12,-34.91,2143.09,1361.77,1830.56,78.83,104.6,9872.79,19.7456,0.3415,2.633,0.581,0.135,NVDA,False,False,True,True,True,True,2.0,2143.09,1361.77,1830.56,False,False
robust_overlay70_ma100_vol30,100,0.3,regime_adaptive_consensus,top5,sticky_score,0.8,1,0.55,0.7,2.0,10,2876.37,23.13,1.116,-30.54,2140.9,1359.57,1828.37,5.84,31.61,16975.6,33.9512,0.35,4.407,0.35,0.106,TSLA,False,True,True,True,True,True,2.0,2140.9,1359.57,1828.37,False,False
robust_overlay50_ma100_vol30,100,0.3,regime_adaptive_consensus,top5,sticky_score,0.8,1,0.75,0.5,2.0,10,2875.74,23.13,1.14,-31.77,2140.27,1358.94,1827.74,11.24,37.01,12794.22,25.5884,0.2631,4.406,0.2631,0.102,TSLA,False,True,True,True,True,True,2.0,2140.27,1358.94,1827.74,False,False
robust_overlay70_ma100_vol30,100,0.3,regime_adaptive_consensus,top5,equal,0.7,2,0.55,0.7,2.0,10,2871.54,23.12,1.118,-31.03,2136.07,1354.75,1823.54,11.46,37.23,10108.0,20.216,0.14,4.988,0.28,0.104,TSLA,False,True,True,True,True,True,2.0,2136.07,1354.75,1823.54,False,False
robust_overlay50_ma100_vol30,100,0.3,regime_adaptive_consensus,top5,score,0.8,2,0.75,0.5,2.0,10,2835.09,23.02,1.101,-31.61,2099.61,1318.29,1787.08,42.78,68.55,18013.22,36.0264,0.2657,3.896,0.4374,0.098,AMD,False,True,True,True,True,True,2.0,2099.61,1318.29,1787.08,False,False
robust_overlay70_ma100_vol30,100,0.3,regime_adaptive_low_vol,top3,sticky_score,0.7,1,0.55,0.7,2.0,10,2816.39,22.97,1.146,-33.66,2080.91,1299.59,1768.38,20.89,46.66,10957.53,21.9151,0.35,2.677,0.35,0.088,MU,False,True,True,True,True,True,2.0,2080.91,1299.59,1768.38,False,False
robust_overlay60_ma100_vol30,100,0.3,regime_adaptive_consensus,top5,score,0.8,1,0.65,0.6,2.0,10,2815.01,22.97,1.081,-32.51,2079.53,1298.21,1767.0,30.78,56.55,20955.36,41.9107,0.3375,3.852,0.3375,0.11,TSLA,False,True,True,True,True,True,2.0,2079.53,1298.21,1767.0,False,False
robust_overlay50_ma100_vol30,100,0.3,regime_adaptive_low_vol,top3,score,0.7,1,0.75,0.5,2.0,10,2813.49,22.97,1.132,-35.41,2078.01,1296.69,1765.48,17.03,42.8,13698.05,27.3961,0.35,2.148,0.35,0.088,MU,False,True,True,True,True,True,2.0,2078.01,1296.69,1765.48,False,False
robust_overlay60_ma100_vol30,100,0.3,regime_adaptive_consensus,top5,sticky_score,0.8,2,0.65,0.6,2.0,10,2805.07,22.95,1.094,-32.64,2069.6,1288.27,1757.07,30.2,55.97,14352.59,28.7052,0.3172,4.506,0.5249,0.107,TSLA,False,True,True,True,True,True,2.0,2069.6,1288.27,1757.07,False,False
robust_overlay60_ma100_vol30,100,0.3,regime_adaptive_consensus,top5,equal,0.8,1,0.65,0.6,2.0,10,2766.36,22.84,1.139,-33.47,2030.89,1249.57,1718.36,9.05,34.82,12474.0,24.948,0.12,4.988,0.12,0.089,TSLA,False,True,True,True,True,True,2.0,2030.89,1249.57,1718.36,False,False
robust_overlay60_ma100_vol30,100,0.3,regime_adaptive_low_vol,top3,score,0.7,1,0.65,0.6,2.0,10,2760.09,22.83,1.112,-35.89,2024.62,1243.3,1712.09,22.66,48.43,15251.07,30.5021,0.35,2.205,0.35,0.089,MU,False,True,True,True,True,True,2.0,2024.62,1243.3,1712.09,False,False
robust_overlay50_ma100_vol30,100,0.3,regime_adaptive_low_vol,top3,score,0.7,2,0.75,0.5,2.0,10,2758.26,22.82,1.112,-35.22,2022.79,1241.47,1710.26,77.03,102.8,13705.79,27.4116,0.35,2.152,0.4913,0.131,NVDA,False,False,True,True,True,True,2.0,2022.79,1241.47,1710.26,False,False
robust_overlay50_ma100_vol30,100,0.3,regime_adaptive_consensus,top5,score,0.8,1,0.75,0.5,2.0,10,2751.89,22.81,1.099,-32.16,2016.42,1235.09,1703.89,28.95,54.72,17990.39,35.9808,0.2812,3.852,0.2812,0.108,TSLA,False,True,True,True,True,True,2.0,2016.42,1235.09,1703.89,False,False
robust_overlay50_ma100_vol30,100,0.3,regime_adaptive_consensus,top5,sticky_score,0.8,2,0.75,0.5,2.0,10,2740.92,22.78,1.109,-32.39,2005.45,1224.13,1692.92,27.07,52.85,12310.78,24.6216,0.2644,4.506,0.4374,0.104,TSLA,False,True,True,True,True,True,2.0,2005.45,1224.13,1692.92,False,False
robust_overlay60_ma100_vol30,100,0.3,regime_adaptive_low_vol,top5,sticky_score,0.7,2,0.65,0.6,2.0,10,2736.63,22.77,1.156,-32.41,2001.16,1219.84,1688.63,31.51,57.28,9749.52,19.499,0.2625,4.36,0.5249,0.09,NVDA,False,True,True,True,True,True,2.0,2001.16,1219.84,1688.63,False,False
robust_overlay70_ma100_vol30,100,0.3,regime_adaptive_consensus,top5,score,0.8,1,0.55,0.7,2.0,10,2714.46,22.71,1.061,-31.11,1978.99,1197.66,1666.46,28.59,54.36,23916.95,47.8339,0.35,3.853,0.35,0.112,TSLA,False,True,True,True,True,True,2.0,1978.99,1197.66,1666.46,False,False
robust_overlay70_ma100_vol30,100,0.3,regime_adaptive_consensus,top5,sticky_score,0.8,2,0.55,0.7,2.0,10,2713.69,22.7,1.078,-30.97,1978.22,1196.89,1665.69,29.14,54.91,16396.69,32.7934,0.35,4.509,0.6124,0.109,TSLA,False,True,True,True,True,True,2.0,1978.22,1196.89,1665.69,False,False
robust_overlay50_ma100_vol30,100,0.3,regime_adaptive_consensus,top5,equal,0.8,1,0.75,0.5,2.0,10,2700.46,22.67,1.143,-33.32,1964.98,1183.66,1652.45,10.28,36.05,10738.0,21.476,0.1,4.988,0.1,0.087,TSLA,False,True,True,True,True,True,2.0,1964.98,1183.66,1652.45,False,False
robust_overlay60_ma100_vol30,100,0.3,regime_adaptive_low_vol,top3,score,0.7,2,0.65,0.6,2.0,10,2684.93,22.63,1.085,-35.59,1949.46,1168.14,1636.93,92.32,118.09,15217.68,30.4354,0.35,2.213,0.5896,0.145,NVDA,False,False,True,True,True,True,2.0,1949.46,1168.14,1636.93,False,False
robust_overlay60_ma100_vol30,100,0.3,regime_adaptive_low_vol,top3,sticky_score,0.8,1,0.65,0.6,2.0,10,2684.1,22.63,1.112,-35.22,1948.63,1167.3,1636.1,26.24,52.01,11279.98,22.56,0.35,2.641,0.35,0.071,AVGO,False,True,True,True,True,True,2.0,1948.63,1167.3,1636.1,False,False
robust_overlay50_ma100_vol30,100,0.3,regime_adaptive_low_vol,top5,sticky_score,0.7,2,0.75,0.5,2.0,10,2679.15,22.61,1.16,-32.59,1943.68,1162.35,1631.15,27.24,53.01,8399.69,16.7994,0.2187,4.36,0.4374,0.087,NVDA,False,True,True,True,True,True,2.0,1943.68,1162.35,1631.15,False,False
robust_overlay70_ma100_vol30,100,0.3,regime_adaptive_consensus,top3,vol_score,0.8,1,0.55,0.7,2.0,10,2672.05,22.59,1.013,-29.06,1936.58,1155.26,1624.05,-10.62,15.15,23518.99,47.038,0.35,2.339,0.35,0.127,AMD,False,True,True,True,False,True,2.0,1936.58,1155.26,1624.05,False,False
robust_overlay70_ma100_vol30,100,0.3,regime_adaptive_consensus,top5,equal,0.8,1,0.55,0.7,2.0,10,2672.0,22.59,1.136,-31.82,1936.53,1155.2,1624.0,4.22,29.99,14210.0,28.42,0.14,4.988,0.14,0.091,TSLA,False,True,True,True,True,True,2.0,1936.53,1155.2,1624.0,False,False
robust_overlay60_ma100_vol30,100,0.3,regime_adaptive_low_vol,top5,sticky_score,0.7,1,0.65,0.6,2.0,10,2670.95,22.59,1.139,-34.51,1935.48,1154.15,1622.95,50.45,76.22,9889.87,19.7797,0.2828,4.33,0.2828,0.066,AVGO,False,True,True,True,True,True,2.0,1935.48,1154.15,1622.95,False,False
robust_overlay60_ma100_vol30,100,0.3,regime_adaptive_consensus,top5,equal,0.8,2,0.65,0.6,2.0,10,2660.26,22.56,1.11,-31.64,1924.78,1143.46,1612.25,17.77,43.54,11872.0,23.744,0.12,4.988,0.24,0.099,TSLA,False,True,True,True,True,True,2.0,1924.78,1143.46,1612.25,False,False
robust_overlay50_ma100_vol30,100,0.3,regime_adaptive_low_vol,top3,sticky_score,0.8,1,0.75,0.5,2.0,10,2644.69,22.52,1.123,-35.08,1909.22,1127.9,1596.69,24.04,49.82,9870.88,19.7418,0.35,2.611,0.35,0.069,AVGO,False,True,True,True,True,True,2.0,1909.22,1127.9,1596.69,False,False
robust_overlay60_ma100_vol30,100,0.3,regime_adaptive_consensus,top3,vol_score,0.8,1,0.65,0.6,2.0,10,2641.77,22.51,1.028,-30.02,1906.3,1124.98,1593.77,-4.01,21.76,21647.41,43.2948,0.35,2.246,0.35,0.12,AMD,False,True,True,True,False,True,2.0,1906.3,1124.98,1593.77,False,False
robust_overlay70_ma100_vol30,100,0.3,regime_adaptive_low_vol,top5,sticky_score,0.7,2,0.55,0.7,2.0,10,2633.28,22.49,1.152,-30.37,1897.8,1116.48,1585.27,31.79,57.57,11106.93,22.2139,0.3062,4.36,0.6124,0.092,NVDA,False,True,True,True,True,True,2.0,1897.8,1116.48,1585.27,False,False
robust_overlay70_ma100_vol30,100,0.3,regime_adaptive_low_vol,top3,sticky_score,0.7,2,0.55,0.7,2.0,10,2630.14,22.48,1.091,-33.64,1894.67,1113.35,1582.14,86.87,112.65,10939.28,21.8786,0.35,2.675,0.6775,0.141,NVDA,False,False,True,True,True,True,2.0,1894.67,1113.35,1582.14,False,False
robust_overlay60_ma100_vol30,100,0.3,regime_adaptive_consensus,top5,vol_score,0.7,1,0.65,0.6,2.0,10,2628.35,22.47,1.075,-35.45,1892.88,1111.55,1580.35,10.19,35.96,20332.23,40.6645,0.35,3.533,0.35,0.107,TSLA,False,True,True,True,True,True,2.0,1892.88,1111.55,1580.35,False,False
robust_overlay50_ma100_vol30,100,0.3,regime_adaptive_low_vol,top5,sticky_score,0.7,1,0.75,0.5,2.0,10,2609.34,22.42,1.143,-34.41,1873.87,1092.55,1561.34,42.41,68.18,8541.84,17.0837,0.2356,4.33,0.2356,0.064,AVGO,False,True,True,True,True,True,2.0,1873.87,1092.55,1561.34,False,False
robust_overlay50_ma100_vol30,100,0.3,regime_adaptive_low_vol,top3,vol_score,0.7,2,0.75,0.5,2.0,10,2608.59,22.42,1.118,-34.54,1873.12,1091.79,1560.59,78.09,103.86,14320.08,28.6402,0.35,2.065,0.4943,0.122,NVDA,False,False,True,True,True,True,2.0,1873.12,1091.79,1560.59,False,False
robust_overlay50_ma100_vol30,100,0.3,regime_adaptive_consensus,top5,equal,0.8,2,0.75,0.5,2.0,10,2603.91,22.41,1.12,-31.61,1868.44,1087.12,1555.91,16.6,42.37,10192.0,20.384,0.1,4.988,0.2,0.097,TSLA,False,True,True,True,True,True,2.0,1868.44,1087.12,1555.91,False,False
robust_overlay70_ma100_vol30,100,0.3,regime_adaptive_low_vol,top3,score,0.7,1,0.55,0.7,2.0,10,2601.37,22.4,1.098,-34.61,1865.9,1084.58,1553.37,27.15,52.92,16167.75,32.3355,0.35,2.271,0.35,0.089,MU,False,True,True,True,True,True,2.0,1865.9,1084.58,1553.37,False,False
robust_overlay60_ma100_vol30,100,0.3,regime_adaptive_low_vol,top5,score,0.7,2,0.65,0.6,2.0,10,2580.56,22.34,1.124,-32.98,1845.09,1063.77,1532.56,19.07,44.84,15107.32,30.2146,0.313,3.8,0.5249,0.095,MU,False,True,True,True,True,True,2.0,1845.09,1063.77,1532.56,False,False
robust_overlay70_ma100_vol30,100,0.3,regime_adaptive_low_vol,top5,sticky_score,0.7,1,0.55,0.7,2.0,10,2575.59,22.33,1.136,-32.81,1840.12,1058.79,1527.59,54.33,80.1,11241.88,22.4838,0.3201,4.332,0.3201,0.067,AVGO,False,True,True,True,True,True,2.0,1840.12,1058.79,1527.59,False,False
robust_overlay50_ma100_vol30,100,0.3,regime_adaptive_consensus,top5,vol_score,0.7,1,0.75,0.5,2.0,10,2568.37,22.31,1.088,-35.04,1832.9,1051.58,1520.37,10.68,36.45,17461.53,34.9231,0.3425,3.529,0.3425,0.104,TSLA,False,True,True,True,True,True,2.0,1832.9,1051.58,1520.37,False,False
robust_overlay70_ma100_vol30,100,0.3,regime_adaptive_low_vol,top3,sticky_score,0.8,1,0.55,0.7,2.0,10,2567.69,22.3,1.1,-33.74,1832.22,1050.89,1519.69,24.77,50.54,12558.63,25.1173,0.35,2.683,0.35,0.073,AVGO,False,True,True,True,True,True,2.0,1832.22,1050.89,1519.69,False,False
robust_overlay70_ma100_vol30,100,0.3,regime_adaptive_consensus,top5,equal,0.8,2,0.55,0.7,2.0,10,2559.71,22.28,1.1,-29.85,1824.24,1042.91,1511.71,15.16,40.93,13552.0,27.104,0.14,4.988,0.28,0.101,TSLA,False,True,True,True,True,True,2.0,1824.24,1042.91,1511.71,False,False
robust_overlay50_ma100_vol30,100,0.3,regime_adaptive_low_vol,top5,score,0.7,2,0.75,0.5,2.0,10,2559.01,22.28,1.135,-33.06,1823.54,1042.21,1511.01,17.61,43.38,12998.83,25.9977,0.2609,3.8,0.4374,0.092,MU,False,True,True,True,True,True,2.0,1823.54,1042.21,1511.01,False,False
robust_overlay60_ma100_vol30,100,0.3,regime_adaptive_low_vol,top5,sticky_score,0.8,2,0.65,0.6,2.0,10,2554.34,22.27,1.134,-32.5,1818.87,1037.54,1506.34,46.45,72.22,11245.54,22.4911,0.3159,4.446,0.5249,0.113,NVDA,False,True,True,True,True,True,2.0,1818.87,1037.54,1506.34,False,False
robust_overlay70_ma100_vol30,100,0.3,regime_adaptive_consensus,top5,vol_score,0.7,1,0.55,0.7,2.0,10,2540.12,22.23,1.062,-34.12,1804.65,1023.33,1492.12,5.37,31.14,23114.57,46.2291,0.35,3.547,0.35,0.109,TSLA,False,True,True,True,True,True,2.0,1804.65,1023.33,1492.12,False,False
robust_overlay50_ma100_vol30,100,0.3,regime_adaptive_low_vol,top5,sticky_score,0.8,2,0.75,0.5,2.0,10,2520.92,22.17,1.141,-32.66,1785.45,1004.12,1472.92,39.71,65.48,9710.87,19.4217,0.2632,4.446,0.4374,0.11,NVDA,False,True,True,True,True,True,2.0,1785.45,1004.12,1472.92,False,False
robust_overlay60_ma100_vol30,100,0.3,regime_adaptive_low_vol,top5,equal,0.7,1,0.65,0.6,2.0,10,2505.46,22.13,1.136,-34.28,1769.99,988.66,1457.46,27.72,53.49,7210.0,14.42,0.12,4.988,0.12,0.059,NFLX,False,True,True,True,True,True,2.0,1769.99,988.66,1457.46,False,False
robust_overlay50_ma100_vol30,100,0.3,regime_adaptive_low_vol,top5,equal,0.7,1,0.75,0.5,2.0,10,2500.39,22.11,1.144,-34.08,1764.92,983.59,1452.39,24.71,50.48,6230.0,12.46,0.1,4.988,0.1,0.057,NFLX,False,True,True,True,True,True,2.0,1764.92,983.59,1452.39,False,False
robust_overlay60_ma100_vol30,100,0.3,regime_adaptive_low_vol,top3,score,0.8,1,0.65,0.6,2.0,10,2495.86,22.1,1.072,-36.6,1760.39,979.07,1447.86,25.57,51.34,16291.12,32.5822,0.35,2.261,0.35,0.068,AVGO,False,True,True,True,True,True,2.0,1760.39,979.07,1447.86,False,False
robust_overlay50_ma100_vol30,100,0.3,regime_adaptive_low_vol,top3,score,0.8,1,0.75,0.5,2.0,10,2494.09,22.09,1.088,-36.26,1758.62,977.29,1446.09,24.36,50.13,14376.88,28.7538,0.35,2.216,0.35,0.066,NVDA,False,True,True,True,True,True,2.0,1758.62,977.29,1446.09,False,False
robust_overlay60_ma100_vol30,100,0.3,regime_adaptive_low_vol,top5,equal,0.7,2,0.65,0.6,2.0,10,2486.53,22.07,1.143,-32.34,1751.06,969.73,1438.53,18.24,44.01,7118.0,14.236,0.12,4.988,0.24,0.081,NVDA,False,True,True,True,True,True,2.0,1751.06,969.73,1438.53,False,False
robust_overlay60_ma100_vol30,100,0.3,regime_adaptive_consensus,top5,vol_score,0.7,2,0.65,0.6,2.0,10,2474.71,22.04,1.047,-31.47,1739.24,957.92,1426.71,20.09,45.86,19362.68,38.7254,0.35,3.569,0.5249,0.113,TSLA,False,True,True,True,True,True,2.0,1739.24,957.92,1426.71,False,False
robust_overlay50_ma100_vol30,100,0.3,regime_adaptive_low_vol,top5,equal,0.7,2,0.75,0.5,2.0,10,2470.3,22.03,1.15,-32.45,1734.83,953.51,1422.3,16.53,42.3,6130.0,12.26,0.1,4.988,0.2,0.078,NVDA,False,True,True,True,True,True,2.0,1734.83,953.51,1422.3,False,False
robust_overlay60_ma100_vol30,100,0.3,regime_adaptive_low_vol,top3,equal,0.7,1,0.65,0.6,2.0,10,2456.78,21.99,1.118,-35.78,1721.31,939.99,1408.78,-3.1,22.67,7116.67,14.2333,0.2,2.993,0.2,0.092,MU,False,True,True,True,False,True,2.0,1721.31,939.99,1408.78,False,False
robust_overlay60_ma100_vol30,100,0.3,regime_adaptive_low_vol,top3,vol_score,0.7,2,0.65,0.6,2.0,10,2453.06,21.98,1.078,-35.23,1717.59,936.26,1405.06,84.35,110.13,15509.73,31.0195,0.35,2.175,0.5932,0.127,NVDA,False,False,True,True,True,True,2.0,1717.59,936.26,1405.06,False,False
robust_overlay70_ma100_vol30,100,0.3,regime_adaptive_low_vol,top5,score,0.7,2,0.55,0.7,2.0,10,2451.02,21.97,1.113,-31.05,1715.54,934.22,1403.01,16.68,42.45,17218.67,34.4373,0.35,3.8,0.6124,0.097,MU,False,True,True,True,True,True,2.0,1715.54,934.22,1403.01,False,False
robust_overlay50_ma100_vol30,100,0.3,regime_adaptive_low_vol,top3,equal,0.7,1,0.75,0.5,2.0,10,2448.72,21.96,1.129,-35.59,1713.24,931.92,1400.71,-1.46,24.31,6136.67,12.2733,0.1667,2.993,0.1667,0.089,MU,False,True,True,True,False,True,2.0,1713.24,931.92,1400.71,False,False
robust_overlay50_ma100_vol30,100,0.3,regime_adaptive_consensus,top5,vol_score,0.7,2,0.75,0.5,2.0,10,2440.69,21.94,1.065,-31.48,1705.21,923.89,1392.68,18.94,44.71,16652.9,33.3058,0.3473,3.563,0.4374,0.11,TSLA,False,True,True,True,True,True,2.0,1705.21,923.89,1392.68,False,False
robust_overlay70_ma100_vol30,100,0.3,regime_adaptive_low_vol,top5,sticky_score,0.8,2,0.55,0.7,2.0,10,2436.48,21.93,1.127,-30.47,1701.01,919.68,1388.48,49.02,74.79,12780.01,25.56,0.35,4.447,0.6124,0.116,NVDA,False,True,True,True,True,True,2.0,1701.01,919.68,1388.48,False,False
robust_overlay50_ma100_vol30,100,0.3,regime_adaptive_consensus,top3,score,0.8,2,0.75,0.5,2.0,10,2430.26,21.91,1.023,-32.41,1694.79,913.46,1382.26,66.15,91.92,19101.46,38.2029,0.35,2.23,0.4877,0.116,NVDA,False,True,True,True,True,True,2.0,1694.79,913.46,1382.26,False,False
robust_overlay60_ma100_vol30,100,0.3,regime_adaptive_consensus,top3,score,0.8,2,0.65,0.6,2.0,10,2429.31,21.91,0.994,-32.19,1693.83,912.51,1381.3,69.86,95.63,21721.84,43.4437,0.35,2.274,0.5852,0.121,NVDA,False,True,True,True,True,True,2.0,1693.83,912.51,1381.3,False,False
robust_overlay50_ma100_vol30,100,0.3,regime_adaptive_low_vol,top3,vol_score,0.7,1,0.75,0.5,2.0,10,2426.57,21.9,1.106,-35.24,1691.09,909.77,1378.56,11.24,37.01,14352.37,28.7047,0.35,2.059,0.35,0.07,MU,False,True,True,True,True,True,2.0,1691.09,909.77,1378.56,False,False
robust_overlay50_ma100_vol30,100,0.3,regime_adaptive_low_vol,top3,sticky_score,0.8,2,0.75,0.5,2.0,10,2420.13,21.88,1.093,-32.16,1684.66,903.33,1372.13,40.95,66.72,9776.39,19.5528,0.3176,2.637,0.4773,0.135,NVDA,False,True,True,True,True,True,2.0,1684.66,903.33,1372.13,False,False
robust_overlay50_ma100_vol30,100,0.3,regime_adaptive_low_vol,top3,score,0.8,2,0.75,0.5,2.0,10,2405.36,21.83,1.081,-32.06,1669.89,888.57,1357.36,48.06,73.83,14447.72,28.8954,0.35,2.249,0.4882,0.151,NVDA,False,True,True,True,True,True,2.0,1669.89,888.57,1357.36,False,False
robust_overlay60_ma100_vol30,100,0.3,regime_adaptive_low_vol,top3,sticky_score,0.8,2,0.65,0.6,2.0,10,2400.38,21.82,1.072,-31.93,1664.91,883.59,1352.38,46.33,72.1,11197.18,22.3944,0.35,2.661,0.5727,0.139,NVDA,False,True,True,True,True,True,2.0,1664.91,883.59,1352.38,False,False
robust_overlay60_ma100_vol30,100,0.3,regime_adaptive_low_vol,top3,score,0.8,2,0.65,0.6,2.0,10,2399.3,21.82,1.06,-31.81,1663.83,882.51,1351.3,52.42,78.19,16364.75,32.7295,0.35,2.288,0.5858,0.158,NVDA,False,False,True,True,True,True,2.0,1663.83,882.51,1351.3,False,False
robust_overlay70_ma100_vol30,100,0.3,regime_adaptive_consensus,top3,score,0.8,2,0.55,0.7,2.0,10,2372.02,21.73,0.967,-31.98,1636.55,855.23,1324.02,73.4,99.18,23638.46,47.2769,0.35,2.337,0.6824,0.125,NVDA,False,True,True,True,True,True,2.0,1636.55,855.23,1324.02,False,False
robust_overlay50_ma100_vol30,100,0.3,regime_adaptive_low_vol,top3,equal,0.7,2,0.75,0.5,2.0,10,2371.39,21.73,1.098,-33.36,1635.92,854.6,1323.39,34.3,60.07,6040.0,12.08,0.1667,2.993,0.3333,0.116,NVDA,False,True,True,True,True,True,2.0,1635.92,854.6,1323.39,False,False
robust_overlay50_ma100_vol30,100,0.3,regime_adaptive_consensus,top5,vol_score,0.8,1,0.75,0.5,2.0,10,2368.61,21.72,1.067,-32.16,1633.14,851.81,1320.61,22.27,48.04,18688.2,37.3764,0.3288,3.639,0.3288,0.104,TSLA,False,True,True,True,True,True,2.0,1633.14,851.81,1320.61,False,False
robust_overlay70_ma100_vol30,100,0.3,regime_adaptive_low_vol,top3,score,0.7,2,0.55,0.7,2.0,10,2368.56,21.72,1.044,-34.5,1633.09,851.77,1320.56,99.12,124.9,16229.01,32.458,0.35,2.276,0.6877,0.151,NVDA,False,False,True,True,True,True,2.0,1633.09,851.77,1320.56,False,False
robust_overlay70_ma100_vol30,100,0.3,regime_adaptive_consensus,top5,vol_score,0.7,2,0.55,0.7,2.0,10,2368.1,21.72,1.027,-29.63,1632.63,851.31,1320.1,17.89,43.66,21986.97,43.9739,0.35,3.584,0.6124,0.114,TSLA,False,True,True,True,True,True,2.0,1632.63,851.31,1320.1,False,False
robust_overlay70_ma100_vol30,100,0.3,regime_adaptive_low_vol,top5,equal,0.7,1,0.55,0.7,2.0,10,2365.02,21.71,1.128,-32.69,1629.55,848.22,1317.02,26.8,52.58,8190.0,16.38,0.14,4.988,0.14,0.06,NFLX,False,True,True,True,True,True,2.0,1629.55,848.22,1317.02,False,False
robust_overlay70_ma100_vol30,100,0.3,regime_adaptive_low_vol,top5,equal,0.7,2,0.55,0.7,2.0,10,2356.83,21.69,1.137,-30.38,1621.36,840.04,1308.83,16.18,41.95,8106.0,16.212,0.14,4.988,0.28,0.083,NVDA,False,True,True,True,True,True,2.0,1621.36,840.04,1308.83,False,False
robust_overlay50_ma100_vol30,100,0.3,regime_adaptive_low_vol,top5,equal,0.8,2,0.75,0.5,2.0,10,2353.63,21.68,1.13,-32.68,1618.15,836.83,1305.62,28.54,54.31,7604.0,15.208,0.1,4.988,0.2,0.092,NVDA,False,True,True,True,True,True,2.0,1618.15,836.83,1305.62,False,False
robust_overlay60_ma100_vol30,100,0.3,regime_adaptive_low_vol,top3,vol_score,0.7,1,0.65,0.6,2.0,10,2351.79,21.67,1.082,-35.8,1616.31,834.99,1303.78,10.44,36.21,15525.97,31.0519,0.35,2.17,0.35,0.076,MU,False,True,True,True,True,True,2.0,1616.31,834.99,1303.78,False,False
robust_overlay60_ma100_vol30,100,0.3,regime_adaptive_low_vol,top5,equal,0.8,2,0.65,0.6,2.0,10,2349.47,21.67,1.12,-32.61,1614.0,832.67,1301.47,32.22,57.99,8800.0,17.6,0.12,4.988,0.24,0.095,NVDA,False,True,True,True,True,True,2.0,1614.0,832.67,1301.47,False,False
robust_overlay60_ma100_vol30,100,0.3,regime_adaptive_low_vol,top3,equal,0.7,2,0.65,0.6,2.0,10,2347.8,21.66,1.079,-33.51,1612.33,831.0,1299.8,40.06,65.83,7033.33,14.0667,0.2,2.993,0.4,0.119,NVDA,False,True,True,True,True,True,2.0,1612.33,831.0,1299.8,False,False
robust_overlay60_ma100_vol30,100,0.3,regime_adaptive_consensus,top5,vol_score,0.8,1,0.65,0.6,2.0,10,2347.4,21.66,1.044,-32.49,1611.93,830.61,1299.4,22.97,48.74,21786.99,43.574,0.35,3.641,0.35,0.107,TSLA,False,True,True,True,True,True,2.0,1611.93,830.61,1299.4,False,False
robust_overlay50_ma100_vol30,100,0.3,regime_adaptive_low_vol,top3,equal,0.8,1,0.75,0.5,2.0,10,2337.97,21.63,1.103,-35.41,1602.5,821.17,1289.97,8.2,33.97,7700.0,15.4,0.1667,2.993,0.1667,0.07,AVGO,False,True,True,True,True,True,2.0,1602.5,821.17,1289.97,False,False
robust_overlay60_ma100_vol30,100,0.3,regime_adaptive_low_vol,top3,equal,0.8,1,0.65,0.6,2.0,10,2334.08,21.62,1.089,-35.57,1598.61,817.28,1286.08,7.71,33.48,8913.33,17.8267,0.2,2.993,0.2,0.072,AVGO,False,True,True,True,True,True,2.0,1598.61,817.28,1286.08,False,False
robust_overlay70_ma100_vol30,100,0.3,regime_adaptive_low_vol,top3,score,0.8,1,0.55,0.7,2.0,10,2333.74,21.62,1.049,-35.59,1598.27,816.95,1285.74,23.25,49.02,17637.08,35.2742,0.35,2.321,0.35,0.074,AVGO,False,True,True,True,True,True,2.0,1598.27,816.95,1285.74,False,False
robust_overlay70_ma100_vol30,100,0.3,regime_adaptive_low_vol,top3,equal,0.7,1,0.55,0.7,2.0,10,2321.62,21.58,1.108,-34.19,1586.15,804.83,1273.62,-8.22,17.55,8096.67,16.1933,0.2333,2.993,0.2333,0.094,MU,False,True,True,True,False,True,2.0,1586.15,804.83,1273.62,False,False
robust_overlay50_ma100_vol30,100,0.3,regime_adaptive_low_vol,top5,score,0.7,1,0.75,0.5,2.0,10,2318.62,21.57,1.096,-34.59,1583.15,801.82,1270.62,35.91,61.68,13224.54,26.4491,0.2822,3.751,0.2822,0.055,MU,False,True,True,True,True,True,2.0,1583.15,801.82,1270.62,False,False
robust_overlay60_ma100_vol30,100,0.3,regime_adaptive_low_vol,top5,score,0.7,1,0.65,0.6,2.0,10,2312.78,21.55,1.082,-34.73,1577.31,795.99,1264.78,41.96,67.73,15335.01,30.67,0.3387,3.751,0.3387,0.056,MU,False,True,True,True,True,True,2.0,1577.31,795.99,1264.78,False,False
robust_overlay50_ma100_vol30,100,0.3,regime_adaptive_low_vol,top5,sticky_score,0.8,1,0.75,0.5,2.0,10,2297.5,21.51,1.109,-34.43,1562.03,780.7,1249.5,17.32,43.09,10370.35,20.7407,0.2465,4.352,0.2465,0.075,NFLX,False,True,True,True,True,True,2.0,1562.03,780.7,1249.5,False,False
robust_overlay60_ma100_vol30,100,0.3,regime_adaptive_low_vol,top5,sticky_score,0.8,1,0.65,0.6,2.0,10,2292.09,21.49,1.097,-34.54,1556.62,775.3,1244.09,19.44,45.21,11994.14,23.9883,0.2957,4.352,0.2957,0.077,NFLX,False,True,True,True,True,True,2.0,1556.62,775.3,1244.09,False,False
robust_overlay50_ma100_vol30,100,0.3,regime_adaptive_low_vol,top5,score,0.8,2,0.75,0.5,2.0,10,2290.82,21.49,1.102,-33.22,1555.35,774.02,1242.82,31.78,57.55,14313.86,28.6277,0.2469,3.888,0.4374,0.107,NVDA,False,True,True,True,True,True,2.0,1555.35,774.02,1242.82,False,False
robust_overlay60_ma100_vol30,100,0.3,regime_adaptive_low_vol,top5,score,0.8,2,0.65,0.6,2.0,10,2276.25,21.44,1.087,-33.17,1540.78,759.45,1228.25,35.98,61.75,16596.14,33.1923,0.2962,3.888,0.5249,0.11,NVDA,False,True,True,True,True,True,2.0,1540.78,759.45,1228.25,False,False
robust_overlay70_ma100_vol30,100,0.3,regime_adaptive_low_vol,top3,score,0.8,2,0.55,0.7,2.0,10,2246.5,21.35,1.036,-29.69,1511.03,729.7,1198.5,51.48,77.25,17659.55,35.3191,0.35,2.344,0.6835,0.159,NVDA,False,False,True,True,True,True,2.0,1511.03,729.7,1198.5,False,False
robust_overlay50_ma100_vol30,100,0.3,regime_adaptive_consensus,top5,vol_score,0.8,2,0.75,0.5,2.0,10,2240.51,21.33,1.049,-31.02,1505.04,723.72,1192.51,21.94,47.71,18662.33,37.3247,0.3216,3.692,0.4374,0.084,TSLA,False,True,True,True,True,True,2.0,1505.04,723.72,1192.51,False,False
robust_overlay70_ma100_vol30,100,0.3,regime_adaptive_low_vol,top3,sticky_score,0.8,2,0.55,0.7,2.0,10,2224.43,21.28,1.045,-29.85,1488.95,707.63,1176.42,48.49,74.26,12484.55,24.9691,0.35,2.696,0.6682,0.142,NVDA,False,False,True,True,True,True,2.0,1488.95,707.63,1176.42,False,False
robust_overlay60_ma100_vol30,100,0.3,regime_adaptive_consensus,top5,vol_score,0.8,2,0.65,0.6,2.0,10,2212.4,21.24,1.025,-31.03,1476.93,695.6,1164.4,23.71,49.48,21776.87,43.5537,0.35,3.694,0.5249,0.086,TSLA,False,True,True,True,True,True,2.0,1476.93,695.6,1164.4,False,False
robust_overlay70_ma100_vol30,100,0.3,regime_adaptive_consensus,top3,vol_score,0.8,2,0.55,0.7,2.0,10,2210.69,21.23,0.956,-32.89,1475.22,693.89,1162.69,67.71,93.48,23460.42,46.9208,0.35,2.348,0.686,0.111,NVDA,False,True,True,True,True,True,2.0,1475.22,693.89,1162.69,False,False
robust_overlay70_ma100_vol30,100,0.3,regime_adaptive_low_vol,top5,equal,0.8,2,0.55,0.7,2.0,10,2207.68,21.22,1.109,-30.7,1472.21,690.88,1159.68,31.89,57.66,9996.0,19.992,0.14,4.988,0.28,0.096,NVDA,False,True,True,True,True,True,2.0,1472.21,690.88,1159.68,False,False
robust_overlay60_ma100_vol30,100,0.3,regime_adaptive_consensus,top3,vol_score,0.8,2,0.65,0.6,2.0,10,2202.71,21.21,0.972,-32.65,1467.24,685.91,1154.71,64.55,90.32,21769.14,43.5383,0.35,2.258,0.5895,0.1,TSLA,False,True,True,True,True,True,2.0,1467.24,685.91,1154.71,False,False
robust_overlay70_ma100_vol30,100,0.3,regime_adaptive_low_vol,top3,equal,0.8,1,0.55,0.7,2.0,10,2193.71,21.18,1.073,-33.94,1458.24,676.91,1145.71,3.55,29.33,10126.67,20.2533,0.2333,2.993,0.2333,0.074,AVGO,False,True,True,True,True,True,2.0,1458.24,676.91,1145.71,False,False
robust_overlay50_ma100_vol30,100,0.3,regime_adaptive_low_vol,top3,vol_score,0.8,1,0.75,0.5,2.0,10,2192.1,21.17,1.066,-35.55,1456.63,675.3,1144.1,6.35,32.12,15325.74,30.6515,0.35,2.119,0.35,0.065,WMB,False,True,True,True,True,True,2.0,1456.63,675.3,1144.1,False,False
robust_overlay70_ma100_vol30,100,0.3,regime_adaptive_low_vol,top3,vol_score,0.7,1,0.55,0.7,2.0,10,2191.57,21.17,1.062,-34.58,1456.1,674.78,1143.57,14.08,39.85,16419.88,32.8398,0.35,2.27,0.35,0.08,MU,False,True,True,True,True,True,2.0,1456.1,674.78,1143.57,False,False
robust_overlay70_ma100_vol30,100,0.3,regime_adaptive_low_vol,top3,equal,0.7,2,0.55,0.7,2.0,10,2186.65,21.15,1.057,-31.87,1451.18,669.86,1138.65,41.6,67.37,8026.67,16.0533,0.2333,2.993,0.4667,0.122,NVDA,False,False,True,True,True,True,2.0,1451.18,669.86,1138.65,False,False
robust_overlay70_ma100_vol30,100,0.3,regime_adaptive_consensus,top5,vol_score,0.8,1,0.55,0.7,2.0,10,2183.99,21.15,1.018,-31.07,1448.52,667.2,1135.99,19.43,45.2,24845.48,49.691,0.35,3.649,0.35,0.109,TSLA,False,True,True,True,True,True,2.0,1448.52,667.2,1135.99,False,False
robust_overlay70_ma100_vol30,100,0.3,regime_adaptive_low_vol,top5,score,0.7,1,0.55,0.7,2.0,10,2170.11,21.1,1.067,-33.07,1434.64,653.31,1122.11,43.89,69.66,17443.34,34.8867,0.35,3.753,0.35,0.058,MU,False,True,True,True,True,True,2.0,1434.64,653.31,1122.11,False,False
robust_overlay50_ma100_vol30,100,0.3,regime_adaptive_consensus,top3,vol_score,0.8,2,0.75,0.5,2.0,10,2161.31,21.07,0.996,-32.67,1425.84,644.51,1113.31,59.01,84.78,19533.59,39.0672,0.35,2.179,0.4912,0.1,TSLA,False,True,True,True,True,True,2.0,1425.84,644.51,1113.31,False,False
robust_overlay50_ma100_vol30,100,0.3,regime_adaptive_low_vol,top5,vol_score,0.7,2,0.75,0.5,2.0,10,2154.9,21.05,1.103,-33.38,1419.43,638.11,1106.9,3.76,29.53,14428.35,28.8567,0.35,3.491,0.4374,0.071,MU,False,True,True,True,True,True,2.0,1419.43,638.11,1106.9,False,False
robust_overlay70_ma100_vol30,100,0.3,regime_adaptive_low_vol,top5,sticky_score,0.8,1,0.55,0.7,2.0,10,2150.86,21.04,1.084,-32.84,1415.39,634.07,1102.86,17.74,43.51,13619.2,27.2384,0.345,4.354,0.345,0.079,NFLX,False,True,True,True,True,True,2.0,1415.39,634.07,1102.86,False,False
robust_overlay70_ma100_vol30,100,0.3,regime_adaptive_low_vol,top3,vol_score,0.7,2,0.55,0.7,2.0,10,2139.59,21.0,1.03,-34.3,1404.12,622.8,1091.59,85.98,111.75,16400.44,32.8009,0.35,2.274,0.6907,0.141,NVDA,False,False,True,True,True,True,2.0,1404.12,622.8,1091.59,False,False
robust_overlay70_ma100_vol30,100,0.3,regime_adaptive_low_vol,top5,score,0.8,2,0.55,0.7,2.0,10,2129.09,20.96,1.072,-31.28,1393.62,612.3,1081.09,36.07,61.84,18881.99,37.764,0.3456,3.888,0.6124,0.113,NVDA,False,True,True,True,True,True,2.0,1393.62,612.3,1081.09,False,False
robust_overlay50_ma100_vol30,100,0.3,regime_adaptive_low_vol,top3,equal,0.8,2,0.75,0.5,2.0,10,2117.81,20.93,1.063,-32.78,1382.34,601.01,1069.81,27.58,53.35,7536.67,15.0733,0.1667,2.993,0.3333,0.126,NVDA,False,True,True,True,True,True,2.0,1382.34,601.01,1069.81,False,False
robust_overlay60_ma100_vol30,100,0.3,regime_adaptive_low_vol,top5,vol_score,0.7,2,0.65,0.6,2.0,10,2102.74,20.88,1.086,-33.38,1367.27,585.94,1054.74,2.6,28.37,16811.5,33.623,0.35,3.492,0.5249,0.073,MU,False,True,True,True,True,True,2.0,1367.27,585.94,1054.74,False,False
robust_overlay50_ma100_vol30,100,0.3,regime_adaptive_low_vol,top5,equal,0.8,1,0.75,0.5,2.0,10,2100.29,20.87,1.1,-33.65,1364.81,583.49,1052.28,5.82,31.6,8464.0,16.928,0.1,4.988,0.1,0.078,NFLX,False,True,True,True,True,True,2.0,1364.81,583.49,1052.28,False,False
robust_overlay60_ma100_vol30,100,0.3,regime_adaptive_low_vol,top3,vol_score,0.8,1,0.65,0.6,2.0,10,2061.48,20.74,1.032,-36.24,1326.01,544.68,1013.48,3.46,29.23,16769.82,33.5396,0.35,2.214,0.35,0.068,WMB,False,True,True,True,True,True,2.0,1326.01,544.68,1013.48,False,False
robust_overlay60_ma100_vol30,100,0.3,regime_adaptive_low_vol,top3,equal,0.8,2,0.65,0.6,2.0,10,2059.83,20.73,1.037,-32.82,1324.36,543.04,1011.83,31.85,57.62,8750.0,17.5,0.2,2.993,0.4,0.129,NVDA,False,False,True,True,True,True,2.0,1324.36,543.04,1011.83,False,False
robust_overlay70_ma100_vol30,100,0.3,regime_adaptive_consensus,top5,vol_score,0.8,2,0.55,0.7,2.0,10,2048.89,20.69,0.998,-29.26,1313.41,532.09,1000.88,22.5,48.27,24833.04,49.6661,0.35,3.704,0.6124,0.088,TSLA,False,True,True,True,True,True,2.0,1313.41,532.09,1000.88,False,False
robust_overlay60_ma100_vol30,100,0.3,regime_adaptive_low_vol,top5,equal,0.8,1,0.65,0.6,2.0,10,2047.35,20.69,1.084,-33.76,1311.88,530.56,999.35,4.75,30.52,9776.0,19.552,0.12,4.988,0.12,0.081,NFLX,False,True,True,True,True,True,2.0,1311.88,530.56,999.35,False,False
robust_overlay50_ma100_vol30,100,0.3,regime_adaptive_low_vol,top5,vol_score,0.7,1,0.75,0.5,2.0,10,2014.38,20.57,1.069,-34.33,1278.9,497.58,966.37,27.02,52.79,14659.3,29.3186,0.3349,3.426,0.3349,0.048,SPG,False,True,True,True,True,True,2.0,1278.9,497.58,966.37,False,False
robust_overlay50_ma100_vol30,100,0.3,regime_adaptive_low_vol,top3,vol_score,0.8,2,0.75,0.5,2.0,10,2004.77,20.54,1.045,-32.58,1269.3,487.97,956.77,31.42,57.19,15178.07,30.3561,0.35,2.153,0.4948,0.135,NVDA,False,True,True,True,True,True,2.0,1269.3,487.97,956.77,False,False
robust_overlay70_ma100_vol30,100,0.3,regime_adaptive_low_vol,top3,vol_score,0.8,1,0.55,0.7,2.0,10,2001.16,20.53,1.019,-35.21,1265.69,484.36,953.16,6.08,31.85,17773.53,35.5471,0.35,2.313,0.35,0.071,AVGO,False,True,True,True,True,True,2.0,1265.69,484.36,953.16,False,False
robust_overlay50_ma100_vol30,100,0.3,regime_adaptive_low_vol,top5,score,0.8,1,0.75,0.5,2.0,10,1999.31,20.52,1.052,-35.02,1263.84,482.51,951.31,9.93,35.7,14906.55,29.8131,0.2822,3.797,0.2822,0.077,NVDA,False,True,True,True,True,True,2.0,1263.84,482.51,951.31,False,False
robust_overlay60_ma100_vol30,100,0.3,regime_adaptive_low_vol,top3,vol_score,0.8,2,0.65,0.6,2.0,10,1985.31,20.47,1.024,-32.2,1249.84,468.52,937.31,37.22,62.99,16732.68,33.4654,0.35,2.241,0.5938,0.143,NVDA,False,True,True,True,True,True,2.0,1249.84,468.52,937.31,False,False
robust_overlay60_ma100_vol30,100,0.3,regime_adaptive_low_vol,top5,vol_score,0.7,1,0.65,0.6,2.0,10,1956.08,20.37,1.05,-34.44,1220.61,439.28,908.08,31.42,57.19,17036.0,34.072,0.35,3.431,0.35,0.049,SPG,False,True,True,True,True,True,2.0,1220.61,439.28,908.08,False,False
robust_overlay50_ma100_vol30,100,0.3,regime_adaptive_low_vol,top5,vol_score,0.8,2,0.75,0.5,2.0,10,1945.07,20.33,1.068,-33.45,1209.6,428.27,897.07,6.34,32.11,15739.32,31.4786,0.3401,3.577,0.4374,0.083,NVDA,False,True,True,True,True,True,2.0,1209.6,428.27,897.07,False,False
robust_overlay60_ma100_vol30,100,0.3,regime_adaptive_low_vol,top5,score,0.8,1,0.65,0.6,2.0,10,1943.32,20.32,1.03,-35.25,1207.84,426.52,895.32,9.93,35.7,17266.71,34.5334,0.3387,3.797,0.3387,0.079,NVDA,False,True,True,True,True,True,2.0,1207.84,426.52,895.32,False,False
robust_overlay70_ma100_vol30,100,0.3,regime_adaptive_low_vol,top5,vol_score,0.7,2,0.55,0.7,2.0,10,1927.8,20.26,1.068,-31.55,1192.33,411.0,879.8,0.25,26.02,19090.22,38.1804,0.35,3.505,0.6124,0.075,MU,False,True,True,True,True,True,2.0,1192.33,411.0,879.8,False,False
robust_overlay70_ma100_vol30,100,0.3,regime_adaptive_low_vol,top3,vol_score,0.8,2,0.55,0.7,2.0,10,1926.86,20.26,1.008,-29.94,1191.39,410.06,878.86,39.36,65.14,17801.23,35.6025,0.35,2.337,0.6916,0.153,NVDA,False,False,True,True,True,True,2.0,1191.39,410.06,878.86,False,False
robust_overlay70_ma100_vol30,100,0.3,regime_adaptive_low_vol,top3,equal,0.8,2,0.55,0.7,2.0,10,1882.75,20.1,1.007,-31.04,1147.28,365.95,834.75,32.0,57.77,9963.33,19.9267,0.2333,2.993,0.4667,0.132,NVDA,False,False,True,True,True,True,2.0,1147.28,365.95,834.75,False,False
robust_overlay70_ma100_vol30,100,0.3,regime_adaptive_low_vol,top5,equal,0.8,1,0.55,0.7,2.0,10,1878.41,20.08,1.068,-32.06,1142.93,361.61,830.4,0.13,25.9,11088.0,22.176,0.14,4.988,0.14,0.083,NFLX,False,True,True,True,True,True,2.0,1142.93,361.61,830.4,False,False
robust_overlay60_ma100_vol30,100,0.3,regime_adaptive_low_vol,top5,vol_score,0.8,2,0.65,0.6,2.0,10,1863.59,20.03,1.046,-33.46,1128.12,346.8,815.59,5.43,31.21,18288.19,36.5764,0.35,3.581,0.5249,0.085,NVDA,False,True,True,True,True,True,2.0,1128.12,346.8,815.59,False,False
robust_overlay70_ma100_vol30,100,0.3,regime_adaptive_low_vol,top5,vol_score,0.7,1,0.55,0.7,2.0,10,1779.64,19.71,1.029,-32.75,1044.17,262.84,731.64,32.98,58.75,19288.7,38.5774,0.35,3.453,0.35,0.051,SPG,False,True,True,True,True,True,2.0,1044.17,262.84,731.64,False,False
robust_overlay70_ma100_vol30,100,0.3,regime_adaptive_low_vol,top5,score,0.8,1,0.55,0.7,2.0,10,1775.39,19.69,1.005,-33.69,1039.92,258.59,727.39,6.23,32.0,19619.06,39.2381,0.35,3.799,0.35,0.081,NVDA,False,True,True,True,True,True,2.0,1039.92,258.59,727.39,False,False
robust_overlay50_ma100_vol30,100,0.3,regime_adaptive_low_vol,top5,vol_score,0.8,1,0.75,0.5,2.0,10,1729.34,19.51,1.026,-34.91,993.87,212.54,681.34,-2.01,23.76,16283.53,32.5671,0.3327,3.461,0.3327,0.067,NFLX,False,True,True,True,False,True,2.0,993.87,212.54,681.34,False,False
robust_overlay70_ma100_vol30,100,0.3,regime_adaptive_low_vol,top5,vol_score,0.8,2,0.55,0.7,2.0,10,1677.89,19.3,1.022,-31.65,942.42,161.09,629.89,2.4,28.17,20747.99,41.496,0.35,3.598,0.6124,0.087,NVDA,False,True,True,True,True,True,2.0,942.42,161.09,629.89,False,False
robust_overlay60_ma100_vol30,100,0.3,regime_adaptive_low_vol,top5,vol_score,0.8,1,0.65,0.6,2.0,10,1633.08,19.11,0.998,-35.14,897.61,116.28,585.08,-4.08,21.7,18906.03,37.8121,0.35,3.465,0.35,0.069,NFLX,False,True,True,True,False,True,2.0,897.61,116.28,585.08,False,False
robust_overlay70_ma100_vol30,100,0.3,regime_adaptive_low_vol,top5,vol_score,0.8,1,0.55,0.7,2.0,10,1455.71,18.33,0.969,-33.59,720.23,-61.09,407.7,-8.34,17.43,21405.34,42.8107,0.35,3.488,0.35,0.071,NFLX,False,True,True,True,False,True,2.0,720.23,-61.09,407.7,False,False
